{
  "alpha": 1.0,
  "data": {
    "1": {
      "n_steps": [
        2,
        4,
        6,
        8,
        10
      ],
      "T_tot": [
        0.03,
        0.1,
        0.21000000000000002,
        0.36000000000000004,
        0.55
      ],
      "trace_fisher": [
        0.7776455022394657,
        4.659495301544666,
        14.10084406286478,
        31.50342670828104,
        59.191803611814976
      ],
      "p": 1.4897319716406272,
      "delta_p": 0.0006343968453385687,
      "A": 144.2042358904976,
      "r2": 0.9999994559650871
    },
    "2": {
      "n_steps": [
        2,
        4,
        6,
        8,
        10
      ],
      "T_tot": [
        0.03,
        0.1,
        0.21000000000000002,
        0.36000000000000004,
        0.55
      ],
      "trace_fisher": [
        1.5522814840078354,
        9.301591478288174,
        28.14469861239195,
        62.860648922622204,
        118.0685370862484
      ],
      "p": 1.4894990436618971,
      "delta_p": 0.0005807005530860388,
      "A": 287.66473193466646,
      "r2": 0.9999995440207513
    },
    "4": {
      "n_steps": [
        2,
        4,
        6,
        8,
        10
      ],
      "T_tot": [
        0.03,
        0.1,
        0.21000000000000002,
        0.36000000000000004,
        0.55
      ],
      "trace_fisher": [
        3.100917547941208,
        18.57546576857567,
        56.19440716505051,
        125.50168737024069,
        235.7140679806471
      ],
      "p": 1.4892811193223587,
      "delta_p": 0.0005876733203964988,
      "A": 574.1965872338546,
      "r2": 0.9999995328679837
    },
    "8": {
      "n_steps": [
        2,
        4,
        6,
        8,
        10
      ],
      "T_tot": [
        0.03,
        0.1,
        0.21000000000000002,
        0.36000000000000004,
        0.55
      ],
      "trace_fisher": [
        6.204054847359657,
        37.17871309816837,
        112.55363415181637,
        251.56383100897074,
        472.8453104868531
      ],
      "p": 1.4901709131463818,
      "delta_p": 0.0007050544448452279,
      "A": 1152.0281633939169,
      "r2": 0.9999993284256374
    },
    "16": {
      "n_steps": [
        2,
        4,
        6,
        8,
        10
      ],
      "T_tot": [
        0.03,
        0.1,
        0.21000000000000002,
        0.36000000000000004,
        0.55
      ],
      "trace_fisher": [
        12.38683371245861,
        74.2129163518548,
        224.61086786538363,
        501.9380034804344,
        943.4095236435533
      ],
      "p": 1.489915854307383,
      "delta_p": 0.0006890896659151824,
      "A": 2298.0991920353385,
      "r2": 0.9999993582749879
    }
  }
}