{
  "family": "XYZ2",
  "num_qubits": 5,
  "delta_t": 0.01,
  "measurements": 25,
  "shots": 1,
  "steps": [
    2,
    4,
    6,
    8,
    10
  ],
  "spreadings": [
    1,
    2,
    4,
    8,
    16
  ],
  "hamiltonian_params": {
    "base_family": "XYZ",
    "include_higher_order": 2,
    "J": [
      [
        0.7653369418336452,
        -0.12382221124663681,
        -0.05913449770401369
      ],
      [
        0.7226535770609408,
        -0.21815725939538333,
        -0.21790096250895258
      ],
      [
        0.9191289975800803,
        0.09270104256293282,
        -0.05179673636934243
      ],
      [
        0.9406321720205627,
        -0.2353951246818099,
        -0.04269848390288586
      ],
      [
        0.8174406573083973,
        -0.19163520056281258,
        -0.10735309860032355
      ]
    ],
    "h_x": [
      -0.617668390119769,
      -0.8653043795877067,
      0.02512849558454855,
      -0.9170683104379806,
      0.38466758079247154
    ],
    "h_y": [
      -0.6801616511038464,
      0.8837598951405208,
      0.05055220942816585,
      -0.536700747242215,
      -0.6350583315592846
    ],
    "h_z": [
      -0.07492294211058881,
      -0.45496332619688595,
      0.6072924040140457,
      0.9765413635378348,
      0.8812589430584983
    ],
    "K": [
      [
        -0.53187900302215,
        0.7620235066977614,
        -0.41246883238720056
      ],
      [
        -0.8167234850400468,
        0.9419965988701983,
        -0.6041174981378303
      ],
      [
        -0.4809716682943731,
        0.7982164562174796,
        -0.44932459018080656
      ]
    ],
    "L": null
  },
  "alphas": {
    "1.0": {
      "alpha": 1.0,
      "data": {
        "1": {
          "n_steps": [
            2,
            4,
            6,
            8,
            10
          ],
          "T_tot": [
            0.03,
            0.1,
            0.21000000000000002,
            0.36000000000000004,
            0.55
          ],
          "trace_fisher": [
            0.7776455022394657,
            4.659495301544666,
            14.10084406286478,
            31.50342670828104,
            59.191803611814976
          ],
          "p": 1.4897319716406272,
          "delta_p": 0.0006343968453385687,
          "A": 144.2042358904976,
          "r2": 0.9999994559650871
        },
        "2": {
          "n_steps": [
            2,
            4,
            6,
            8,
            10
          ],
          "T_tot": [
            0.03,
            0.1,
            0.21000000000000002,
            0.36000000000000004,
            0.55
          ],
          "trace_fisher": [
            1.5522814840078354,
            9.301591478288174,
            28.14469861239195,
            62.860648922622204,
            118.0685370862484
          ],
          "p": 1.4894990436618971,
          "delta_p": 0.0005807005530860388,
          "A": 287.66473193466646,
          "r2": 0.9999995440207513
        },
        "4": {
          "n_steps": [
            2,
            4,
            6,
            8,
            10
          ],
          "T_tot": [
            0.03,
            0.1,
            0.21000000000000002,
            0.36000000000000004,
            0.55
          ],
          "trace_fisher": [
            3.100917547941208,
            18.57546576857567,
            56.19440716505051,
            125.50168737024069,
            235.7140679806471
          ],
          "p": 1.4892811193223587,
          "delta_p": 0.0005876733203964988,
          "A": 574.1965872338546,
          "r2": 0.9999995328679837
        },
        "8": {
          "n_steps": [
            2,
            4,
            6,
            8,
            10
          ],
          "T_tot": [
            0.03,
            0.1,
            0.21000000000000002,
            0.36000000000000004,
            0.55
          ],
          "trace_fisher": [
            6.204054847359657,
            37.17871309816837,
            112.55363415181637,
            251.56383100897074,
            472.8453104868531
          ],
          "p": 1.4901709131463818,
          "delta_p": 0.0007050544448452279,
          "A": 1152.0281633939169,
          "r2": 0.9999993284256374
        },
        "16": {
          "n_steps": [
            2,
            4,
            6,
            8,
            10
          ],
          "T_tot": [
            0.03,
            0.1,
            0.21000000000000002,
            0.36000000000000004,
            0.55
          ],
          "trace_fisher": [
            12.38683371245861,
            74.2129163518548,
            224.61086786538363,
            501.9380034804344,
            943.4095236435533
          ],
          "p": 1.489915854307383,
          "delta_p": 0.0006890896659151824,
          "A": 2298.0991920353385,
          "r2": 0.9999993582749879
        }
      }
    }
  }
}