{
  "alpha": 1.0,
  "data": {
    "1": {
      "n_steps": [
        2,
        4,
        6,
        8,
        10
      ],
      "T_tot": [
        0.03,
        0.1,
        0.21000000000000002,
        0.36000000000000004,
        0.55
      ],
      "trace_fisher": [
        0.7776546478271484,
        4.661398455500603,
        14.117367640137672,
        31.57930661737919,
        59.438526168465614
      ],
      "p": 1.4910424493432088,
      "delta_p": 0.0008834704847448218,
      "A": 144.78037666452548,
      "r2": 0.9999989467659965
    }
  }
}