{
  "alpha": 0.4,
  "data": {
    "1": {
      "n_steps": [
        2,
        4,
        6,
        8,
        10
      ],
      "T_tot": [
        0.023195079107728944,
        0.05612454611280503,
        0.095637810610756,
        0.1403908419555245,
        0.18959195312342725
      ],
      "trace_fisher": [
        0.42641797102987766,
        1.2725139185786247,
        2.4882054328918457,
        4.046541944146156,
        5.929315194487572
      ],
      "p": 1.2528286557572972,
      "delta_p": 0.004365497813858444,
      "A": 47.327148280653255,
      "r2": 0.9999635758329568
    }
  }
}