{
  "alpha": 0.8,
  "data": {
    "1": {
      "n_steps": [
        2,
        4,
        6,
        8,
        10
      ],
      "T_tot": [
        0.027411011265922484,
        0.08180758944893737,
        0.15997619975911692,
        0.26018928012806636,
        0.3812804759240386
      ],
      "trace_fisher": [
        0.6270733065903187,
        2.9571544975042343,
        7.727267101407051,
        15.538973227143288,
        26.916641727089882
      ],
      "p": 1.4281572479298268,
      "delta_p": 0.002603027895297484,
      "A": 106.22301761946912,
      "r2": 0.9999900339625585
    }
  }
}