{
  "alpha": 0.2,
  "data": {
    "1": {
      "n_steps": [
        2,
        4,
        6,
        8,
        10
      ],
      "T_tot": [
        0.02148698354997035,
        0.04713937205385447,
        0.07524635947951917,
        0.10516125676056869,
        0.13652864442433343
      ],
      "trace_fisher": [
        0.3608441799879074,
        0.8730998747050762,
        1.48775165528059,
        2.1838902980089188,
        2.9492003694176674
      ],
      "p": 1.1360253841525727,
      "delta_p": 0.0032779842481798337,
      "A": 28.204022959660122,
      "r2": 0.9999750225521837
    }
  }
}