{
  "family": "XYZ",
  "num_qubits": 5,
  "delta_t": 0.01,
  "measurements": 25,
  "shots": 1,
  "steps": [
    2,
    4,
    6,
    8,
    10
  ],
  "spreadings": [
    1
  ],
  "hamiltonian_params": {
    "base_family": "XYZ",
    "include_higher_order": 0,
    "J": [
      [
        0.7653369418336452,
        -0.12382221124663681,
        -0.05913449770401369
      ],
      [
        0.7226535770609408,
        -0.21815725939538333,
        -0.21790096250895258
      ],
      [
        0.9191289975800803,
        0.09270104256293282,
        -0.05179673636934243
      ],
      [
        0.9406321720205627,
        -0.2353951246818099,
        -0.04269848390288586
      ],
      [
        0.8174406573083973,
        -0.19163520056281258,
        -0.10735309860032355
      ]
    ],
    "h_x": [
      -0.617668390119769,
      -0.8653043795877067,
      0.02512849558454855,
      -0.9170683104379806,
      0.38466758079247154
    ],
    "h_y": null,
    "h_z": null,
    "K": null,
    "L": null
  },
  "alphas": {
    "0.2": {
      "alpha": 0.2,
      "data": {
        "1": {
          "n_steps": [
            2,
            4,
            6,
            8,
            10
          ],
          "T_tot": [
            0.02148698354997035,
            0.04713937205385447,
            0.07524635947951917,
            0.10516125676056869,
            0.13652864442433343
          ],
          "trace_fisher": [
            0.3608441799879074,
            0.8730998747050762,
            1.48775165528059,
            2.1838902980089188,
            2.9492003694176674
          ],
          "p": 1.1360253841525727,
          "delta_p": 0.0032779842481798337,
          "A": 28.204022959660122,
          "r2": 0.9999750225521837
        }
      }
    },
    "0.4": {
      "alpha": 0.4,
      "data": {
        "1": {
          "n_steps": [
            2,
            4,
            6,
            8,
            10
          ],
          "T_tot": [
            0.023195079107728944,
            0.05612454611280503,
            0.095637810610756,
            0.1403908419555245,
            0.18959195312342725
          ],
          "trace_fisher": [
            0.42641797102987766,
            1.2725139185786247,
            2.4882054328918457,
            4.046541944146156,
            5.929315194487572
          ],
          "p": 1.2528286557572972,
          "delta_p": 0.004365497813858444,
          "A": 47.327148280653255,
          "r2": 0.9999635758329568
        }
      }
    },
    "0.6": {
      "alpha": 0.6,
      "data": {
        "1": {
          "n_steps": [
            2,
            4,
            6,
            8,
            10
          ],
          "T_tot": [
            0.02515716566510398,
            0.0674629532143623,
            0.12302979177423518,
            0.18999277280324053,
            0.2671754180470558
          ],
          "trace_fisher": [
            0.5129324048757553,
            1.914882406592369,
            4.321974352002144,
            7.811425074934959,
            12.442457363009453
          ],
          "p": 1.3496131054067257,
          "delta_p": 0.003911657848372565,
          "A": 73.43381373868608,
          "r2": 0.9999747992505394
        }
      }
    },
    "0.8": {
      "alpha": 0.8,
      "data": {
        "1": {
          "n_steps": [
            2,
            4,
            6,
            8,
            10
          ],
          "T_tot": [
            0.027411011265922484,
            0.08180758944893737,
            0.15997619975911692,
            0.26018928012806636,
            0.3812804759240386
          ],
          "trace_fisher": [
            0.6270733065903187,
            2.9571544975042343,
            7.727267101407051,
            15.538973227143288,
            26.916641727089882
          ],
          "p": 1.4281572479298268,
          "delta_p": 0.002603027895297484,
          "A": 106.22301761946912,
          "r2": 0.9999900339625585
        }
      }
    },
    "1.0": {
      "alpha": 1.0,
      "data": {
        "1": {
          "n_steps": [
            2,
            4,
            6,
            8,
            10
          ],
          "T_tot": [
            0.03,
            0.1,
            0.21000000000000002,
            0.36000000000000004,
            0.55
          ],
          "trace_fisher": [
            0.7776546478271484,
            4.661398455500603,
            14.117367640137672,
            31.57930661737919,
            59.438526168465614
          ],
          "p": 1.4910424493432088,
          "delta_p": 0.0008834704847448218,
          "A": 144.78037666452548,
          "r2": 0.9999989467659965
        }
      }
    }
  }
}