{
  "alpha": 0.6,
  "data": {
    "1": {
      "n_steps": [
        2,
        4,
        6,
        8,
        10
      ],
      "T_tot": [
        0.02515716566510398,
        0.0674629532143623,
        0.12302979177423518,
        0.18999277280324053,
        0.2671754180470558
      ],
      "trace_fisher": [
        0.5129324048757553,
        1.914882406592369,
        4.321974352002144,
        7.811425074934959,
        12.442457363009453
      ],
      "p": 1.3496131054067257,
      "delta_p": 0.003911657848372565,
      "A": 73.43381373868608,
      "r2": 0.9999747992505394
    }
  }
}