{
  "alpha": 0.6,
  "data": {
    "1": {
      "n_steps": [
        2,
        4,
        6,
        8,
        10
      ],
      "T_tot": [
        0.02515716566510398,
        0.0674629532143623,
        0.12302979177423518,
        0.18999277280324053,
        0.2671754180470558
      ],
      "trace_fisher": [
        0.5127264894545078,
        1.9137006551027298,
        4.318454727530479,
        7.803588554263115,
        12.427771672606468
      ],
      "p": 1.3492883945818015,
      "delta_p": 0.0038783599284528325,
      "A": 73.32025948675718,
      "r2": 0.9999752145309256
    }
  }
}