{
  "alpha": 0.4,
  "data": {
    "1": {
      "n_steps": [
        2,
        4,
        6,
        8,
        10
      ],
      "T_tot": [
        0.023195079107728944,
        0.05612454611280503,
        0.095637810610756,
        0.1403908419555245,
        0.18959195312342725
      ],
      "trace_fisher": [
        0.4262697771191597,
        1.2719381973147392,
        2.486865535378456,
        4.044061109423637,
        5.925280198454857
      ],
      "p": 1.2526717112920869,
      "delta_p": 0.004353666010920575,
      "A": 47.28350430883452,
      "r2": 0.9999637639211543
    }
  }
}