{
  "alpha": 0.8,
  "data": {
    "1": {
      "n_steps": [
        2,
        4,
        6,
        8,
        10
      ],
      "T_tot": [
        0.027411011265922484,
        0.08180758944893737,
        0.15997619975911692,
        0.26018928012806636,
        0.3812804759240386
      ],
      "trace_fisher": [
        0.6267768926918507,
        2.9545888006687164,
        7.717429146170616,
        15.512544378638268,
        26.859208211302757
      ],
      "p": 1.4275412914009973,
      "delta_p": 0.0025220580077274387,
      "A": 105.95222690247702,
      "r2": 0.9999906362464989
    }
  }
}