{
  "alpha": 1.0,
  "data": {
    "1": {
      "n_steps": [
        2,
        4,
        6,
        8,
        10
      ],
      "T_tot": [
        0.03,
        0.1,
        0.21000000000000002,
        0.36000000000000004,
        0.55
      ],
      "trace_fisher": [
        0.7772150039672852,
        4.655641183257103,
        14.088516041636467,
        31.48570041358471,
        59.1992414444685
      ],
      "p": 1.4898970084264875,
      "delta_p": 0.0007222118555768707,
      "A": 144.16935637540823,
      "r2": 0.9999992950834954
    }
  }
}