{
  "alpha": 0.2,
  "data": {
    "1": {
      "n_steps": [
        2,
        4,
        6,
        8,
        10
      ],
      "T_tot": [
        0.02148698354997035,
        0.04713937205385447,
        0.07524635947951917,
        0.10516125676056869,
        0.13652864442433343
      ],
      "trace_fisher": [
        0.3607331085950136,
        0.8727967590093613,
        1.487191691994667,
        2.183018423616886,
        2.947966292500496
      ],
      "p": 1.1359657274730677,
      "delta_p": 0.003275185188279166,
      "A": 28.188976194417826,
      "r2": 0.9999750625702588
    }
  }
}