{
  "family": "XXYGL",
  "num_qubits": 5,
  "delta_t": 0.01,
  "measurements": 25,
  "shots": 1,
  "steps": [
    2,
    4,
    6,
    8,
    10
  ],
  "spreadings": [
    1
  ],
  "hamiltonian_params": {
    "base_family": "XXYGL",
    "include_higher_order": 0,
    "J": [
      [
        1.0,
        1.0,
        0.4119339127407843
      ],
      [
        1.0,
        1.0,
        0.4119339127407843
      ],
      [
        1.0,
        1.0,
        0.4119339127407843
      ],
      [
        1.0,
        1.0,
        0.4119339127407843
      ],
      [
        1.0,
        1.0,
        0.4119339127407843
      ]
    ],
    "h_x": [
      0.0,
      0.0,
      0.0,
      0.0,
      0.0
    ],
    "h_y": null,
    "h_z": null,
    "K": null,
    "L": null
  },
  "alphas": {
    "0.2": {
      "alpha": 0.2,
      "data": {
        "1": {
          "n_steps": [
            2,
            4,
            6,
            8,
            10
          ],
          "T_tot": [
            0.02148698354997035,
            0.04713937205385447,
            0.07524635947951917,
            0.10516125676056869,
            0.13652864442433343
          ],
          "trace_fisher": [
            0.3607331085950136,
            0.8727967590093613,
            1.487191691994667,
            2.183018423616886,
            2.947966292500496
          ],
          "p": 1.1359657274730677,
          "delta_p": 0.003275185188279166,
          "A": 28.188976194417826,
          "r2": 0.9999750625702588
        }
      }
    },
    "0.4": {
      "alpha": 0.4,
      "data": {
        "1": {
          "n_steps": [
            2,
            4,
            6,
            8,
            10
          ],
          "T_tot": [
            0.023195079107728944,
            0.05612454611280503,
            0.095637810610756,
            0.1403908419555245,
            0.18959195312342725
          ],
          "trace_fisher": [
            0.4262697771191597,
            1.2719381973147392,
            2.486865535378456,
            4.044061109423637,
            5.925280198454857
          ],
          "p": 1.2526717112920869,
          "delta_p": 0.004353666010920575,
          "A": 47.28350430883452,
          "r2": 0.9999637639211543
        }
      }
    },
    "0.6": {
      "alpha": 0.6,
      "data": {
        "1": {
          "n_steps": [
            2,
            4,
            6,
            8,
            10
          ],
          "T_tot": [
            0.02515716566510398,
            0.0674629532143623,
            0.12302979177423518,
            0.18999277280324053,
            0.2671754180470558
          ],
          "trace_fisher": [
            0.5127264894545078,
            1.9137006551027298,
            4.318454727530479,
            7.803588554263115,
            12.427771672606468
          ],
          "p": 1.3492883945818015,
          "delta_p": 0.0038783599284528325,
          "A": 73.32025948675718,
          "r2": 0.9999752145309256
        }
      }
    },
    "0.8": {
      "alpha": 0.8,
      "data": {
        "1": {
          "n_steps": [
            2,
            4,
            6,
            8,
            10
          ],
          "T_tot": [
            0.027411011265922484,
            0.08180758944893737,
            0.15997619975911692,
            0.26018928012806636,
            0.3812804759240386
          ],
          "trace_fisher": [
            0.6267768926918507,
            2.9545888006687164,
            7.717429146170616,
            15.512544378638268,
            26.859208211302757
          ],
          "p": 1.4275412914009973,
          "delta_p": 0.0025220580077274387,
          "A": 105.95222690247702,
          "r2": 0.9999906362464989
        }
      }
    },
    "1.0": {
      "alpha": 1.0,
      "data": {
        "1": {
          "n_steps": [
            2,
            4,
            6,
            8,
            10
          ],
          "T_tot": [
            0.03,
            0.1,
            0.21000000000000002,
            0.36000000000000004,
            0.55
          ],
          "trace_fisher": [
            0.7772150039672852,
            4.655641183257103,
            14.088516041636467,
            31.48570041358471,
            59.1992414444685
          ],
          "p": 1.4898970084264875,
          "delta_p": 0.0007222118555768707,
          "A": 144.16935637540823,
          "r2": 0.9999992950834954
        }
      }
    }
  }
}