{
  "family": "XYZ",
  "num_qubits": 7,
  "delta_t": 0.01,
  "measurements": 25,
  "shots": 1,
  "steps": [
    2,
    4,
    6,
    8,
    10
  ],
  "spreadings": [
    1
  ],
  "hamiltonian_params": {
    "base_family": "XYZ",
    "include_higher_order": 0,
    "J": [
      [
        0.7653369418336452,
        -0.12382221124663681,
        -0.05913449770401369
      ],
      [
        0.7226535770609408,
        -0.21815725939538333,
        -0.21790096250895258
      ],
      [
        0.9191289975800803,
        0.09270104256293282,
        -0.05179673636934243
      ],
      [
        0.9406321720205627,
        -0.2353951246818099,
        -0.04269848390288586
      ],
      [
        0.8174406573083973,
        -0.19163520056281258,
        -0.10735309860032355
      ],
      [
        0.8814388868546198,
        -0.24177359317786795,
        -0.13664054322527175
      ],
      [
        0.7374064922005195,
        -0.1341781330235411,
        -0.13426054153665695
      ]
    ],
    "h_x": [
      -0.536700747242215,
      -0.6350583315592846,
      -0.07492294211058881,
      -0.45496332619688595,
      0.6072924040140457,
      0.9765413635378348,
      0.8812589430584983
    ],
    "h_y": null,
    "h_z": null,
    "K": null,
    "L": null
  },
  "alphas": {
    "1.0": {
      "alpha": 1.0,
      "data": {
        "1": {
          "n_steps": [
            2,
            4,
            6,
            8,
            10
          ],
          "T_tot": [
            0.03,
            0.1,
            0.21000000000000002,
            0.36000000000000004,
            0.55
          ],
          "trace_fisher": [
            3.174713373184204,
            19.019555866718292,
            57.55815440416336,
            128.61403495073318,
            241.74329501390457
          ],
          "p": 1.4898308628124513,
          "delta_p": 0.0006780093962601973,
          "A": 588.8289283130492,
          "r2": 0.9999993786755034
        }
      }
    }
  }
}