{
  "alpha": 1.0,
  "data": {
    "1": {
      "n_steps": [
        2,
        4,
        6,
        8,
        10
      ],
      "T_tot": [
        0.03,
        0.1,
        0.21000000000000002,
        0.36000000000000004,
        0.55
      ],
      "trace_fisher": [
        3.174713373184204,
        19.019555866718292,
        57.55815440416336,
        128.61403495073318,
        241.74329501390457
      ],
      "p": 1.4898308628124513,
      "delta_p": 0.0006780093962601973,
      "A": 588.8289283130492,
      "r2": 0.9999993786755034
    }
  }
}