{
  "family": "XXYGL",
  "num_qubits": 5,
  "delta_t": 0.01,
  "measurements": 25,
  "shots": 1,
  "steps": [
    2,
    4,
    6,
    8,
    10
  ],
  "spreadings": [
    1,
    2,
    4,
    8,
    16
  ],
  "hamiltonian_params": {
    "base_family": "XXYGL",
    "include_higher_order": 0,
    "J": [
      [
        1.0,
        1.0,
        0.4119339127407843
      ],
      [
        1.0,
        1.0,
        0.4119339127407843
      ],
      [
        1.0,
        1.0,
        0.4119339127407843
      ],
      [
        1.0,
        1.0,
        0.4119339127407843
      ],
      [
        1.0,
        1.0,
        0.4119339127407843
      ]
    ],
    "h_x": [
      0.0,
      0.0,
      0.0,
      0.0,
      0.0
    ],
    "h_y": null,
    "h_z": null,
    "K": null,
    "L": null
  },
  "alphas": {
    "1.0": {
      "alpha": 1.0,
      "data": {
        "1": {
          "n_steps": [
            2,
            4,
            6,
            8,
            10
          ],
          "T_tot": [
            0.03,
            0.1,
            0.21000000000000002,
            0.36000000000000004,
            0.55
          ],
          "trace_fisher": [
            0.7772150039672852,
            4.655641183257103,
            14.088516041636467,
            31.48570041358471,
            59.1992414444685
          ],
          "p": 1.4898970084264875,
          "delta_p": 0.0007222118555768707,
          "A": 144.16935637540823,
          "r2": 0.9999992950834954
        },
        "2": {
          "n_steps": [
            2,
            4,
            6,
            8,
            10
          ],
          "T_tot": [
            0.03,
            0.1,
            0.21000000000000002,
            0.36000000000000004,
            0.55
          ],
          "trace_fisher": [
            1.5512119680643082,
            9.29149878025055,
            28.081648282706738,
            62.743637055158615,
            118.02256678789854
          ],
          "p": 1.489362527824707,
          "delta_p": 0.0006487432864662912,
          "A": 287.2337078002548,
          "r2": 0.9999994307986585
        },
        "4": {
          "n_steps": [
            2,
            4,
            6,
            8,
            10
          ],
          "T_tot": [
            0.03,
            0.1,
            0.21000000000000002,
            0.36000000000000004,
            0.55
          ],
          "trace_fisher": [
            3.1003076806664467,
            18.57356236129999,
            56.17994926124811,
            125.55487912893295,
            236.1270868256688
          ],
          "p": 1.4898038587969697,
          "delta_p": 0.0006907424629787187,
          "A": 574.9224833829078,
          "r2": 0.9999993550959644
        },
        "8": {
          "n_steps": [
            2,
            4,
            6,
            8,
            10
          ],
          "T_tot": [
            0.03,
            0.1,
            0.21000000000000002,
            0.36000000000000004,
            0.55
          ],
          "trace_fisher": [
            6.204205371439457,
            37.195997565984726,
            112.6122345328331,
            251.81605598330498,
            473.7640763297677
          ],
          "p": 1.4907312377753568,
          "delta_p": 0.0007618625864496331,
          "A": 1154.1013219608067,
          "r2": 0.999999216434143
        },
        "16": {
          "n_steps": [
            2,
            4,
            6,
            8,
            10
          ],
          "T_tot": [
            0.03,
            0.1,
            0.21000000000000002,
            0.36000000000000004,
            0.55
          ],
          "trace_fisher": [
            12.390656538307667,
            74.28064272552729,
            224.93903487175703,
            503.118756942451,
            946.7999202385545
          ],
          "p": 1.490956453320963,
          "delta_p": 0.0008349078425766915,
          "A": 2306.374306680926,
          "r2": 0.999999059263469
        }
      }
    }
  }
}