{
  "family": "XYZ",
  "num_qubits": 3,
  "delta_t": 0.01,
  "measurements": 5,
  "shots": 1,
  "steps": [
    2,
    4,
    6,
    8,
    10
  ],
  "spreadings": [
    1
  ],
  "hamiltonian_params": {
    "base_family": "XYZ",
    "include_higher_order": 0,
    "J": [
      [
        0.7653369418336452,
        -0.1238222112466368,
        -0.05913449770401371
      ],
      [
        0.7226535770609408,
        -0.21815725939538333,
        -0.21790096250895255
      ],
      [
        0.9191289975800803,
        0.09270104256293285,
        -0.05179673636934243
      ]
    ],
    "h_x": [
      0.6519505243907526,
      -0.3569747152461278,
      -0.7973439988841897
    ],
    "h_y": null,
    "h_z": null,
    "K": null,
    "L": null
  },
  "alphas": {
    "1.0": {
      "alpha": 1.0,
      "data": {
        "1": {
          "n_steps": [
            2,
            4,
            6,
            8,
            10
          ],
          "T_tot": [
            0.03,
            0.1,
            0.21,
            0.36,
            0.55
          ],
          "trace_fisher": [
            0.03541751764714718,
            0.21261526830494404,
            0.6451706010848284,
            1.4465970639139414,
            2.7300855461508036
          ],
          "eta_diag": [
            0.3806951642036438,
            0.38398587703704834,
            0.3873954713344574,
            0.3908874988555908,
            0.3944094181060791
          ],
          "p": 1.4938327906289113,
          "delta_p": 0.0013657891355193146,
          "A": 6.652503665547726,
          "r2": 0.9999974922542879
        }
      }
    }
  }
}