{
  "alpha": 1.0,
  "data": {
    "1": {
      "n_steps": [
        2,
        4,
        6,
        8,
        10
      ],
      "T_tot": [
        0.03,
        0.1,
        0.21000000000000002,
        0.36000000000000004,
        0.55
      ],
      "trace_fisher": [
        0.1759993964806199,
        1.0552469361573458,
        3.1967948470264673,
        7.153272518888116,
        13.46871573664248
      ],
      "p": 1.4914496752114819,
      "delta_p": 0.0009395377508433659,
      "A": 32.809861329340094,
      "r2": 0.9999988094928732
    }
  }
}