{
  "family": "XYZ",
  "num_qubits": 3,
  "delta_t": 0.01,
  "measurements": 25,
  "shots": 1,
  "steps": [
    2,
    4,
    6,
    8,
    10
  ],
  "spreadings": [
    1
  ],
  "hamiltonian_params": {
    "base_family": "XYZ",
    "include_higher_order": 0,
    "J": [
      [
        0.7653369418336452,
        -0.12382221124663681,
        -0.05913449770401369
      ],
      [
        0.7226535770609408,
        -0.21815725939538333,
        -0.21790096250895258
      ],
      [
        0.9191289975800803,
        0.09270104256293282,
        -0.05179673636934243
      ]
    ],
    "h_x": [
      0.6519505243907526,
      -0.3569747152461278,
      -0.7973439988841897
    ],
    "h_y": null,
    "h_z": null,
    "K": null,
    "L": null
  },
  "alphas": {
    "1.0": {
      "alpha": 1.0,
      "data": {
        "1": {
          "n_steps": [
            2,
            4,
            6,
            8,
            10
          ],
          "T_tot": [
            0.03,
            0.1,
            0.21000000000000002,
            0.36000000000000004,
            0.55
          ],
          "trace_fisher": [
            0.1759993964806199,
            1.0552469361573458,
            3.1967948470264673,
            7.153272518888116,
            13.46871573664248
          ],
          "p": 1.4914496752114819,
          "delta_p": 0.0009395377508433659,
          "A": 32.809861329340094,
          "r2": 0.9999988094928732
        }
      }
    }
  }
}