{
  "alpha": 1.0,
  "data": {
    "1": {
      "n_steps": [
        2,
        4,
        6,
        8,
        10
      ],
      "T_tot": [
        0.03,
        0.1,
        0.21,
        0.36,
        0.55
      ],
      "trace_fisher": [
        0.03541751764714718,
        0.21261526830494404,
        0.6451706010848284,
        1.4465970639139414,
        2.7300855461508036
      ],
      "eta_diag": [
        0.3806951642036438,
        0.38398587703704834,
        0.3873954713344574,
        0.3908874988555908,
        0.3944094181060791
      ],
      "p": 1.4938327906289113,
      "delta_p": 0.0013657891355193146,
      "A": 6.652503665547726,
      "r2": 0.9999974922542879
    }
  }
}