{
  "alpha": 1.0,
  "data": {
    "1": {
      "n_steps": [
        2,
        4,
        6,
        8,
        10
      ],
      "T_tot": [
        0.03,
        0.1,
        0.21000000000000002,
        0.36000000000000004,
        0.55
      ],
      "trace_fisher": [
        0.061251450795680285,
        0.36172751896083355,
        1.0795944835990667,
        2.381327172741294,
        4.425117826089263
      ],
      "p": 1.4719050235723414,
      "delta_p": 0.001346779118542453,
      "A": 10.70439807617304,
      "r2": 0.999997488383444
    }
  }
}