{
  "family": "XYZ",
  "num_qubits": 2,
  "delta_t": 0.01,
  "measurements": 25,
  "shots": 1,
  "steps": [
    2,
    4,
    6,
    8,
    10
  ],
  "spreadings": [
    1
  ],
  "hamiltonian_params": {
    "base_family": "XYZ",
    "include_higher_order": 0,
    "J": [
      [
        0.7653369418336452,
        -0.12382221124663681,
        -0.05913449770401369
      ],
      [
        0.7226535770609408,
        -0.21815725939538333,
        -0.21790096250895258
      ]
    ],
    "h_x": [
      0.1125271324023609,
      0.038869960094847666
    ],
    "h_y": null,
    "h_z": null,
    "K": null,
    "L": null
  },
  "alphas": {
    "1.0": {
      "alpha": 1.0,
      "data": {
        "1": {
          "n_steps": [
            2,
            4,
            6,
            8,
            10
          ],
          "T_tot": [
            0.03,
            0.1,
            0.21000000000000002,
            0.36000000000000004,
            0.55
          ],
          "trace_fisher": [
            0.061251450795680285,
            0.36172751896083355,
            1.0795944835990667,
            2.381327172741294,
            4.425117826089263
          ],
          "p": 1.4719050235723414,
          "delta_p": 0.001346779118542453,
          "A": 10.70439807617304,
          "r2": 0.999997488383444
        }
      }
    }
  }
}