{
  "alpha": 1.0,
  "data": {
    "1": {
      "n_steps": [
        2,
        4,
        6,
        8,
        10
      ],
      "T_tot": [
        0.03,
        0.1,
        0.21,
        0.36,
        0.55
      ],
      "trace_fisher": [
        0.015627569751814008,
        0.09384257416240871,
        0.2848316167946905,
        0.6387022787239403,
        1.2052116782870144
      ],
      "eta_diag": [
        0.3927451968193054,
        0.3972078561782837,
        0.40171894431114197,
        0.4061944782733917,
        0.4105638265609741
      ],
      "p": 1.4940346361775383,
      "delta_p": 0.0013341864355740764,
      "A": 2.937573886576797,
      "r2": 0.9999976076102891
    }
  }
}