{
  "family": "XYZ",
  "num_qubits": 5,
  "delta_t": 0.01,
  "measurements": 1,
  "shots": 1,
  "steps": [
    1
  ],
  "spreadings": [
    1,
    2,
    4,
    8,
    16,
    32,
    64,
    128
  ],
  "hamiltonian_params": {
    "base_family": "XYZ",
    "include_higher_order": 0,
    "J": [
      [
        0.7653369418336452,
        -0.12382221124663681,
        -0.05913449770401369
      ],
      [
        0.7226535770609408,
        -0.21815725939538333,
        -0.21790096250895258
      ],
      [
        0.9191289975800803,
        0.09270104256293282,
        -0.05179673636934243
      ],
      [
        0.9406321720205627,
        -0.2353951246818099,
        -0.04269848390288586
      ],
      [
        0.8174406573083973,
        -0.19163520056281258,
        -0.10735309860032355
      ]
    ],
    "h_x": [
      -0.617668390119769,
      -0.8653043795877067,
      0.02512849558454855,
      -0.9170683104379806,
      0.38466758079247154
    ],
    "h_y": null,
    "h_z": null,
    "K": null,
    "L": null
  },
  "alphas": {
    "1.0": {
      "alpha": 1.0,
      "data": {
        "1": {
          "n_steps": [
            1
          ],
          "T_tot": [
            0.01
          ],
          "trace_fisher": [
            0.006200238596647978
          ],
          "eta_diag": [
            0.111160509288311
          ],
          "p": null,
          "delta_p": null,
          "A": null,
          "r2": null
        },
        "2": {
          "n_steps": [
            1
          ],
          "T_tot": [
            0.01
          ],
          "trace_fisher": [
            0.012400222942233086
          ],
          "eta_diag": [
            0.1557263433933258
          ],
          "p": null,
          "delta_p": null,
          "A": null,
          "r2": null
        },
        "4": {
          "n_steps": [
            1
          ],
          "T_tot": [
            0.01
          ],
          "trace_fisher": [
            0.024807640351355076
          ],
          "eta_diag": [
            0.2536996304988861
          ],
          "p": null,
          "delta_p": null,
          "A": null,
          "r2": null
        },
        "8": {
          "n_steps": [
            1
          ],
          "T_tot": [
            0.01
          ],
          "trace_fisher": [
            0.049609983805567026
          ],
          "eta_diag": [
            0.3429119288921356
          ],
          "p": null,
          "delta_p": null,
          "A": null,
          "r2": null
        },
        "16": {
          "n_steps": [
            1
          ],
          "T_tot": [
            0.01
          ],
          "trace_fisher": [
            0.09943271521478891
          ],
          "eta_diag": [
            0.5265191793441772
          ],
          "p": null,
          "delta_p": null,
          "A": null,
          "r2": null
        },
        "32": {
          "n_steps": [
            1
          ],
          "T_tot": [
            0.01
          ],
          "trace_fisher": [
            0.19879678869619966
          ],
          "eta_diag": [
            0.6737538576126099
          ],
          "p": null,
          "delta_p": null,
          "A": null,
          "r2": null
        },
        "64": {
          "n_steps": [
            1
          ],
          "T_tot": [
            0.01
          ],
          "trace_fisher": [
            0.3976333336904645
          ],
          "eta_diag": [
            0.7848649024963379
          ],
          "p": null,
          "delta_p": null,
          "A": null,
          "r2": null
        },
        "128": {
          "n_steps": [
            1
          ],
          "T_tot": [
            0.01
          ],
          "trace_fisher": [
            0.7952005360275507
          ],
          "eta_diag": [
            0.8692193627357483
          ],
          "p": null,
          "delta_p": null,
          "A": null,
          "r2": null
        }
      }
    }
  }
}