{
  "alpha": 1.0,
  "data": {
    "1": {
      "n_steps": [
        1
      ],
      "T_tot": [
        0.01
      ],
      "trace_fisher": [
        0.061891503632068634
      ],
      "eta_diag": [
        0.2605914771556854
      ],
      "p": null,
      "delta_p": null,
      "A": null,
      "r2": null
    },
    "2": {
      "n_steps": [
        1
      ],
      "T_tot": [
        0.01
      ],
      "trace_fisher": [
        0.12412182055413723
      ],
      "eta_diag": [
        0.3195960521697998
      ],
      "p": null,
      "delta_p": null,
      "A": null,
      "r2": null
    },
    "4": {
      "n_steps": [
        1
      ],
      "T_tot": [
        0.01
      ],
      "trace_fisher": [
        0.2485935054719448
      ],
      "eta_diag": [
        0.39988934993743896
      ],
      "p": null,
      "delta_p": null,
      "A": null,
      "r2": null
    },
    "8": {
      "n_steps": [
        1
      ],
      "T_tot": [
        0.01
      ],
      "trace_fisher": [
        0.4969639256596565
      ],
      "eta_diag": [
        0.5134621858596802
      ],
      "p": null,
      "delta_p": null,
      "A": null,
      "r2": null
    },
    "16": {
      "n_steps": [
        1
      ],
      "T_tot": [
        0.01
      ],
      "trace_fisher": [
        0.9937661215662956
      ],
      "eta_diag": [
        0.671506404876709
      ],
      "p": null,
      "delta_p": null,
      "A": null,
      "r2": null
    },
    "32": {
      "n_steps": [
        1
      ],
      "T_tot": [
        0.01
      ],
      "trace_fisher": [
        1.9846054092049599
      ],
      "eta_diag": [
        0.7964113354682922
      ],
      "p": null,
      "delta_p": null,
      "A": null,
      "r2": null
    },
    "64": {
      "n_steps": [
        1
      ],
      "T_tot": [
        0.01
      ],
      "trace_fisher": [
        3.9481332674622536
      ],
      "eta_diag": [
        0.8750285506248474
      ],
      "p": null,
      "delta_p": null,
      "A": null,
      "r2": null
    },
    "128": {
      "n_steps": [
        1
      ],
      "T_tot": [
        0.01
      ],
      "trace_fisher": [
        7.90881322324276
      ],
      "eta_diag": [
        0.9290359616279602
      ],
      "p": null,
      "delta_p": null,
      "A": null,
      "r2": null
    }
  }
}