{
  "alpha": 1.0,
  "data": {
    "1": {
      "n_steps": [
        2,
        4,
        6,
        8,
        10
      ],
      "T_tot": [
        0.03,
        0.1,
        0.21000000000000002,
        0.36000000000000004,
        0.55
      ],
      "trace_fisher": [
        0.7776455022394657,
        4.659495301544666,
        14.10084406286478,
        31.50342670828104,
        59.191803611814976
      ],
      "p": 1.4897319716406272,
      "delta_p": 0.0006343968453385687,
      "A": 144.2042358904976,
      "r2": 0.9999994559650871
    }
  }
}