{
  "alpha": 0.6,
  "data": {
    "1": {
      "n_steps": [
        2,
        4,
        6,
        8,
        10
      ],
      "T_tot": [
        0.02515716566510398,
        0.0674629532143623,
        0.12302979177423518,
        0.18999277280324053,
        0.2671754180470558
      ],
      "trace_fisher": [
        0.5129514746367931,
        1.914828546345234,
        4.321459494531155,
        7.809630684554577,
        12.438048236072063
      ],
      "p": 1.3494542826208415,
      "delta_p": 0.003881068877047518,
      "A": 73.39690753808749,
      "r2": 0.9999751859972204
    }
  }
}