{
  "alpha": 0.2,
  "data": {
    "1": {
      "n_steps": [
        2,
        4,
        6,
        8,
        10
      ],
      "T_tot": [
        0.02148698354997035,
        0.04713937205385447,
        0.07524635947951917,
        0.10516125676056869,
        0.13652864442433343
      ],
      "trace_fisher": [
        0.36086255870759487,
        0.8731399662792683,
        1.4878139272332191,
        2.1839744225144386,
        2.9493037164211273
      ],
      "p": 1.1360169497970738,
      "delta_p": 0.0032773164848995807,
      "A": 28.204567307163106,
      "r2": 0.9999750323565518
    }
  }
}