{
  "alpha": 0.4,
  "data": {
    "1": {
      "n_steps": [
        2,
        4,
        6,
        8,
        10
      ],
      "T_tot": [
        0.023195079107728944,
        0.05612454611280503,
        0.095637810610756,
        0.1403908419555245,
        0.18959195312342725
      ],
      "trace_fisher": [
        0.4264374375343323,
        1.2725472748279572,
        2.488210253417492,
        4.046441860496998,
        5.929007776081562
      ],
      "p": 1.252783545396229,
      "delta_p": 0.0043580626590755105,
      "A": 47.3217347720261,
      "r2": 0.999963697181238
    }
  }
}