{
  "family": "XYZ2",
  "num_qubits": 5,
  "delta_t": 0.01,
  "measurements": 25,
  "shots": 1,
  "steps": [
    2,
    4,
    6,
    8,
    10
  ],
  "spreadings": [
    1
  ],
  "hamiltonian_params": {
    "base_family": "XYZ",
    "include_higher_order": 2,
    "J": [
      [
        0.7653369418336452,
        -0.12382221124663681,
        -0.05913449770401369
      ],
      [
        0.7226535770609408,
        -0.21815725939538333,
        -0.21790096250895258
      ],
      [
        0.9191289975800803,
        0.09270104256293282,
        -0.05179673636934243
      ],
      [
        0.9406321720205627,
        -0.2353951246818099,
        -0.04269848390288586
      ],
      [
        0.8174406573083973,
        -0.19163520056281258,
        -0.10735309860032355
      ]
    ],
    "h_x": [
      -0.617668390119769,
      -0.8653043795877067,
      0.02512849558454855,
      -0.9170683104379806,
      0.38466758079247154
    ],
    "h_y": [
      -0.6801616511038464,
      0.8837598951405208,
      0.05055220942816585,
      -0.536700747242215,
      -0.6350583315592846
    ],
    "h_z": [
      -0.07492294211058881,
      -0.45496332619688595,
      0.6072924040140457,
      0.9765413635378348,
      0.8812589430584983
    ],
    "K": [
      [
        -0.53187900302215,
        0.7620235066977614,
        -0.41246883238720056
      ],
      [
        -0.8167234850400468,
        0.9419965988701983,
        -0.6041174981378303
      ],
      [
        -0.4809716682943731,
        0.7982164562174796,
        -0.44932459018080656
      ]
    ],
    "L": null
  },
  "alphas": {
    "0.2": {
      "alpha": 0.2,
      "data": {
        "1": {
          "n_steps": [
            2,
            4,
            6,
            8,
            10
          ],
          "T_tot": [
            0.02148698354997035,
            0.04713937205385447,
            0.07524635947951917,
            0.10516125676056869,
            0.13652864442433343
          ],
          "trace_fisher": [
            0.36086255870759487,
            0.8731399662792683,
            1.4878139272332191,
            2.1839744225144386,
            2.9493037164211273
          ],
          "p": 1.1360169497970738,
          "delta_p": 0.0032773164848995807,
          "A": 28.204567307163106,
          "r2": 0.9999750323565518
        }
      }
    },
    "0.4": {
      "alpha": 0.4,
      "data": {
        "1": {
          "n_steps": [
            2,
            4,
            6,
            8,
            10
          ],
          "T_tot": [
            0.023195079107728944,
            0.05612454611280503,
            0.095637810610756,
            0.1403908419555245,
            0.18959195312342725
          ],
          "trace_fisher": [
            0.4264374375343323,
            1.2725472748279572,
            2.488210253417492,
            4.046441860496998,
            5.929007776081562
          ],
          "p": 1.252783545396229,
          "delta_p": 0.0043580626590755105,
          "A": 47.3217347720261,
          "r2": 0.999963697181238
        }
      }
    },
    "0.6": {
      "alpha": 0.6,
      "data": {
        "1": {
          "n_steps": [
            2,
            4,
            6,
            8,
            10
          ],
          "T_tot": [
            0.02515716566510398,
            0.0674629532143623,
            0.12302979177423518,
            0.18999277280324053,
            0.2671754180470558
          ],
          "trace_fisher": [
            0.5129514746367931,
            1.914828546345234,
            4.321459494531155,
            7.809630684554577,
            12.438048236072063
          ],
          "p": 1.3494542826208415,
          "delta_p": 0.003881068877047518,
          "A": 73.39690753808749,
          "r2": 0.9999751859972204
        }
      }
    },
    "0.8": {
      "alpha": 0.8,
      "data": {
        "1": {
          "n_steps": [
            2,
            4,
            6,
            8,
            10
          ],
          "T_tot": [
            0.027411011265922484,
            0.08180758944893737,
            0.15997619975911692,
            0.26018928012806636,
            0.3812804759240386
          ],
          "trace_fisher": [
            0.6270855702459812,
            2.956711418926716,
            7.723939932882786,
            15.526430703699589,
            26.88231036812067
          ],
          "p": 1.4276927416879468,
          "delta_p": 0.002500199855475801,
          "A": 106.06586239628854,
          "r2": 0.999990799801293
        }
      }
    },
    "1.0": {
      "alpha": 1.0,
      "data": {
        "1": {
          "n_steps": [
            2,
            4,
            6,
            8,
            10
          ],
          "T_tot": [
            0.03,
            0.1,
            0.21000000000000002,
            0.36000000000000004,
            0.55
          ],
          "trace_fisher": [
            0.7776455022394657,
            4.659495301544666,
            14.10084406286478,
            31.50342670828104,
            59.191803611814976
          ],
          "p": 1.4897319716406272,
          "delta_p": 0.0006343968453385687,
          "A": 144.2042358904976,
          "r2": 0.9999994559650871
        }
      }
    }
  }
}