{
  "alpha": 0.8,
  "data": {
    "1": {
      "n_steps": [
        2,
        4,
        6,
        8,
        10
      ],
      "T_tot": [
        0.027411011265922484,
        0.08180758944893737,
        0.15997619975911692,
        0.26018928012806636,
        0.3812804759240386
      ],
      "trace_fisher": [
        0.6270855702459812,
        2.956711418926716,
        7.723939932882786,
        15.526430703699589,
        26.88231036812067
      ],
      "p": 1.4276927416879468,
      "delta_p": 0.002500199855475801,
      "A": 106.06586239628854,
      "r2": 0.999990799801293
    }
  }
}