{
  "alpha": 1.0,
  "data": {
    "1": {
      "n_steps": [
        2,
        4,
        6,
        8,
        10
      ],
      "T_tot": [
        0.03,
        0.1,
        0.21000000000000002,
        0.36000000000000004,
        0.55
      ],
      "trace_fisher": [
        0.7776546478271484,
        4.661398455500603,
        14.117367640137672,
        31.57930661737919,
        59.438526168465614
      ],
      "p": 1.4910424493432088,
      "delta_p": 0.0008834704847448218,
      "A": 144.78037666452548,
      "r2": 0.9999989467659965
    },
    "2": {
      "n_steps": [
        2,
        4,
        6,
        8,
        10
      ],
      "T_tot": [
        0.03,
        0.1,
        0.21000000000000002,
        0.36000000000000004,
        0.55
      ],
      "trace_fisher": [
        1.5525757744908333,
        9.30258059501648,
        28.156704790890217,
        62.947623886168,
        118.43689618259668
      ],
      "p": 1.4903590287468589,
      "delta_p": 0.0007947380933561659,
      "A": 288.4107908321262,
      "r2": 0.9999991469251497
    },
    "4": {
      "n_steps": [
        2,
        4,
        6,
        8,
        10
      ],
      "T_tot": [
        0.03,
        0.1,
        0.21000000000000002,
        0.36000000000000004,
        0.55
      ],
      "trace_fisher": [
        3.1017227470874786,
        18.58773286640644,
        56.279719315469265,
        125.8703149035573,
        236.90694691240788
      ],
      "p": 1.49078251293793,
      "delta_p": 0.0008729328750761438,
      "A": 576.9494474207548,
      "r2": 0.9999989713824555
    },
    "8": {
      "n_steps": [
        2,
        4,
        6,
        8,
        10
      ],
      "T_tot": [
        0.03,
        0.1,
        0.21000000000000002,
        0.36000000000000004,
        0.55
      ],
      "trace_fisher": [
        6.206255868077278,
        37.20860008895397,
        112.73549369722605,
        252.33123160153627,
        475.22316439449787
      ],
      "p": 1.4916415654109163,
      "delta_p": 0.001012245002549477,
      "A": 1157.5839042618256,
      "r2": 0.9999986184615259
    },
    "16": {
      "n_steps": [
        2,
        4,
        6,
        8,
        10
      ],
      "T_tot": [
        0.03,
        0.1,
        0.21000000000000002,
        0.36000000000000004,
        0.55
      ],
      "trace_fisher": [
        12.392194218933582,
        74.29273223876953,
        225.08666989952326,
        503.7890138030052,
        948.8532574772835
      ],
      "p": 1.4916191436521182,
      "delta_p": 0.0010165320264799427,
      "A": 2311.175514251256,
      "r2": 0.9999986066927903
    }
  }
}