{
  "family": "XYZ3",
  "num_qubits": 5,
  "delta_t": 0.01,
  "measurements": 25,
  "shots": 1,
  "steps": [
    2,
    4,
    6,
    8,
    10
  ],
  "spreadings": [
    1,
    2,
    4,
    8,
    16
  ],
  "hamiltonian_params": {
    "base_family": "XYZ",
    "include_higher_order": 3,
    "J": [
      [
        0.7653369418336452,
        -0.12382221124663681,
        -0.05913449770401369
      ],
      [
        0.7226535770609408,
        -0.21815725939538333,
        -0.21790096250895258
      ],
      [
        0.9191289975800803,
        0.09270104256293282,
        -0.05179673636934243
      ],
      [
        0.9406321720205627,
        -0.2353951246818099,
        -0.04269848390288586
      ],
      [
        0.8174406573083973,
        -0.19163520056281258,
        -0.10735309860032355
      ]
    ],
    "h_x": [
      -0.617668390119769,
      -0.8653043795877067,
      0.02512849558454855,
      -0.9170683104379806,
      0.38466758079247154
    ],
    "h_y": [
      -0.6801616511038464,
      0.8837598951405208,
      0.05055220942816585,
      -0.536700747242215,
      -0.6350583315592846
    ],
    "h_z": [
      -0.07492294211058881,
      -0.45496332619688595,
      0.6072924040140457,
      0.9765413635378348,
      0.8812589430584983
    ],
    "K": [
      [
        -0.53187900302215,
        0.7620235066977614,
        -0.41246883238720056
      ],
      [
        -0.8167234850400468,
        0.9419965988701983,
        -0.6041174981378303
      ],
      [
        -0.4809716682943731,
        0.7982164562174796,
        -0.44932459018080656
      ]
    ],
    "L": [
      [
        -0.8635882271862318,
        0.6037356140559405,
        -0.06108879132440381
      ],
      [
        0.26188876049644727,
        0.062012413721467485,
        -0.7534303314291624
      ],
      [
        -0.3772299138618369,
        -0.8483913935281813,
        0.169475729274708
      ]
    ]
  },
  "alphas": {
    "1.0": {
      "alpha": 1.0,
      "data": {
        "1": {
          "n_steps": [
            2,
            4,
            6,
            8,
            10
          ],
          "T_tot": [
            0.03,
            0.1,
            0.21000000000000002,
            0.36000000000000004,
            0.55
          ],
          "trace_fisher": [
            0.7777503915131092,
            4.658830039203167,
            14.089236162602901,
            31.460690043866634,
            59.104634784162045
          ],
          "p": 1.489129694327315,
          "delta_p": 0.0005431980819741635,
          "A": 143.94269286614787,
          "r2": 0.999999600816585
        },
        "2": {
          "n_steps": [
            2,
            4,
            6,
            8,
            10
          ],
          "T_tot": [
            0.03,
            0.1,
            0.21000000000000002,
            0.36000000000000004,
            0.55
          ],
          "trace_fisher": [
            1.551786594092846,
            9.292520008981228,
            28.091380260884762,
            62.68963098526001,
            117.71563745290041
          ],
          "p": 1.4885282445681696,
          "delta_p": 0.00048062744673085225,
          "A": 286.6519067070043,
          "r2": 0.9999996872307163
        },
        "4": {
          "n_steps": [
            2,
            4,
            6,
            8,
            10
          ],
          "T_tot": [
            0.03,
            0.1,
            0.21000000000000002,
            0.36000000000000004,
            0.55
          ],
          "trace_fisher": [
            3.1008411198854446,
            18.56778723746538,
            56.1414313390851,
            125.31536591798067,
            235.2978582009673
          ],
          "p": 1.4886653773085508,
          "delta_p": 0.0005254008593995801,
          "A": 573.0299311328574,
          "r2": 0.999999626312583
        },
        "8": {
          "n_steps": [
            2,
            4,
            6,
            8,
            10
          ],
          "T_tot": [
            0.03,
            0.1,
            0.21000000000000002,
            0.36000000000000004,
            0.55
          ],
          "trace_fisher": [
            6.205174133181572,
            37.18231285363436,
            112.54942172020674,
            251.46269328147173,
            472.36266577243805
          ],
          "p": 1.4898099143443375,
          "delta_p": 0.0006529737812165144,
          "A": 1151.0082190959024,
          "r2": 0.9999994236971449
        },
        "16": {
          "n_steps": [
            2,
            4,
            6,
            8,
            10
          ],
          "T_tot": [
            0.03,
            0.1,
            0.21000000000000002,
            0.36000000000000004,
            0.55
          ],
          "trace_fisher": [
            12.38736493140459,
            74.20773923397064,
            224.5456766113639,
            501.57491636276245,
            942.1568178907037
          ],
          "p": 1.489486683338071,
          "delta_p": 0.000623152377486987,
          "A": 2295.2387084755937,
          "r2": 0.9999994749069263
        }
      }
    }
  }
}