{
  "alpha": 1.0,
  "data": {
    "1": {
      "n_steps": [
        2,
        4,
        6,
        8,
        10
      ],
      "T_tot": [
        0.03,
        0.1,
        0.21000000000000002,
        0.36000000000000004,
        0.55
      ],
      "trace_fisher": [
        0.7777503915131092,
        4.658830039203167,
        14.089236162602901,
        31.460690043866634,
        59.104634784162045
      ],
      "p": 1.489129694327315,
      "delta_p": 0.0005431980819741635,
      "A": 143.94269286614787,
      "r2": 0.999999600816585
    },
    "2": {
      "n_steps": [
        2,
        4,
        6,
        8,
        10
      ],
      "T_tot": [
        0.03,
        0.1,
        0.21000000000000002,
        0.36000000000000004,
        0.55
      ],
      "trace_fisher": [
        1.551786594092846,
        9.292520008981228,
        28.091380260884762,
        62.68963098526001,
        117.71563745290041
      ],
      "p": 1.4885282445681696,
      "delta_p": 0.00048062744673085225,
      "A": 286.6519067070043,
      "r2": 0.9999996872307163
    },
    "4": {
      "n_steps": [
        2,
        4,
        6,
        8,
        10
      ],
      "T_tot": [
        0.03,
        0.1,
        0.21000000000000002,
        0.36000000000000004,
        0.55
      ],
      "trace_fisher": [
        3.1008411198854446,
        18.56778723746538,
        56.1414313390851,
        125.31536591798067,
        235.2978582009673
      ],
      "p": 1.4886653773085508,
      "delta_p": 0.0005254008593995801,
      "A": 573.0299311328574,
      "r2": 0.999999626312583
    },
    "8": {
      "n_steps": [
        2,
        4,
        6,
        8,
        10
      ],
      "T_tot": [
        0.03,
        0.1,
        0.21000000000000002,
        0.36000000000000004,
        0.55
      ],
      "trace_fisher": [
        6.205174133181572,
        37.18231285363436,
        112.54942172020674,
        251.46269328147173,
        472.36266577243805
      ],
      "p": 1.4898099143443375,
      "delta_p": 0.0006529737812165144,
      "A": 1151.0082190959024,
      "r2": 0.9999994236971449
    },
    "16": {
      "n_steps": [
        2,
        4,
        6,
        8,
        10
      ],
      "T_tot": [
        0.03,
        0.1,
        0.21000000000000002,
        0.36000000000000004,
        0.55
      ],
      "trace_fisher": [
        12.38736493140459,
        74.20773923397064,
        224.5456766113639,
        501.57491636276245,
        942.1568178907037
      ],
      "p": 1.489486683338071,
      "delta_p": 0.000623152377486987,
      "A": 2295.2387084755937,
      "r2": 0.9999994749069263
    }
  }
}