{
  "family": "XYZ",
  "num_qubits": 2,
  "delta_t": 0.01,
  "measurements": 25,
  "shots": 1,
  "steps": [
    1,
    2
  ],
  "spreadings": [
    1,
    2,
    4,
    8,
    16,
    32
  ],
  "hamiltonian_params": {
    "base_family": "XYZ",
    "include_higher_order": 0,
    "J": [
      [
        0.7653369418336452,
        -0.12382221124663681,
        -0.05913449770401369
      ],
      [
        0.7226535770609408,
        -0.21815725939538333,
        -0.21790096250895258
      ]
    ],
    "h_x": [
      0.1125271324023609,
      0.038869960094847666
    ],
    "h_y": null,
    "h_z": null,
    "K": null,
    "L": null
  },
  "alphas": {
    "1.0": {
      "alpha": 1.0,
      "data": {
        "1": {
          "n_steps": [
            1,
            2
          ],
          "T_tot": [
            0.01,
            0.01,
            0.03,
            0.03
          ],
          "trace_fisher": [
            0.012347779236733913,
            0.012347779236733913,
            0.061251450330019,
            0.061251450330019
          ],
          "eta_diag": [
            0.6044193506240845,
            0.6038567423820496
          ],
          "p": 1.4577584071327248,
          "delta_p": 6.251328652733196e-16,
          "A": 10.164959918013691,
          "r2": 1.0
        },
        "2": {
          "n_steps": [
            1,
            2
          ],
          "T_tot": [
            0.01,
            0.01,
            0.03,
            0.03
          ],
          "trace_fisher": [
            0.02768085361458361,
            0.02768085361458361,
            0.13781447056680918,
            0.13781447056680918
          ],
          "eta_diag": [
            0.633511483669281,
            0.6303647756576538
          ],
          "p": 1.4610863286731532,
          "delta_p": 3.1587695537811096e-16,
          "A": 23.13940225903192,
          "r2": 1.0
        },
        "4": {
          "n_steps": [
            1,
            2
          ],
          "T_tot": [
            0.01,
            0.01,
            0.03,
            0.03
          ],
          "trace_fisher": [
            0.05580458021722734,
            0.05580458021722734,
            0.27888045366853476,
            0.27888045366853476
          ],
          "eta_diag": [
            0.7977922558784485,
            0.7964905500411987
          ],
          "p": 1.464508704620496,
          "delta_p": 3.697381089227727e-16,
          "A": 47.39005959018451,
          "r2": 1.0
        },
        "8": {
          "n_steps": [
            1,
            2
          ],
          "T_tot": [
            0.01,
            0.01,
            0.03,
            0.03
          ],
          "trace_fisher": [
            0.11537755513563752,
            0.11537755513563752,
            0.5765935191884637,
            0.5765935191884637
          ],
          "eta_diag": [
            0.8837801814079285,
            0.8832718133926392
          ],
          "p": 1.4645091112703907,
          "delta_p": 3.257525274516714e-16,
          "A": 97.98047815041839,
          "r2": 1.0
        },
        "16": {
          "n_steps": [
            1,
            2
          ],
          "T_tot": [
            0.01,
            0.01,
            0.03,
            0.03
          ],
          "trace_fisher": [
            0.23937534680590034,
            0.23937534680590034,
            1.1962927733547986,
            1.1962927733547986
          ],
          "eta_diag": [
            0.9167689681053162,
            0.9164142608642578
          ],
          "p": 1.4645293031881357,
          "delta_p": 3.5269199068781946e-16,
          "A": 203.30030345858015,
          "r2": 1.0
        },
        "32": {
          "n_steps": [
            1,
            2
          ],
          "T_tot": [
            0.01,
            0.01,
            0.03,
            0.03
          ],
          "trace_fisher": [
            0.48562929267063737,
            0.48562929267063737,
            2.4274864275939763,
            2.4274864275939763
          ],
          "eta_diag": [
            0.9431729912757874,
            0.9430310726165771
          ],
          "p": 1.4647260594883815,
          "delta_p": 2.766747755852401e-16,
          "A": 412.8164492540663,
          "r2": 1.0
        }
      }
    }
  }
}