{
  "alpha": 1.0,
  "data": {
    "1": {
      "n_steps": [
        1
      ],
      "T_tot": [
        0.01
      ],
      "trace_fisher": [
        0.006721725687384605
      ],
      "eta_diag": [
        0.7044208645820618
      ],
      "p": null,
      "delta_p": null,
      "A": null,
      "r2": null
    },
    "2": {
      "n_steps": [
        1
      ],
      "T_tot": [
        0.01
      ],
      "trace_fisher": [
        0.012816611910238862
      ],
      "eta_diag": [
        0.8136112689971924
      ],
      "p": null,
      "delta_p": null,
      "A": null,
      "r2": null
    },
    "4": {
      "n_steps": [
        1
      ],
      "T_tot": [
        0.01
      ],
      "trace_fisher": [
        0.026649702806025743
      ],
      "eta_diag": [
        0.9005424976348877
      ],
      "p": null,
      "delta_p": null,
      "A": null,
      "r2": null
    },
    "8": {
      "n_steps": [
        1
      ],
      "T_tot": [
        0.01
      ],
      "trace_fisher": [
        0.05086480174213648
      ],
      "eta_diag": [
        0.9148619174957275
      ],
      "p": null,
      "delta_p": null,
      "A": null,
      "r2": null
    },
    "16": {
      "n_steps": [
        1
      ],
      "T_tot": [
        0.01
      ],
      "trace_fisher": [
        0.10100951883941889
      ],
      "eta_diag": [
        0.9131309390068054
      ],
      "p": null,
      "delta_p": null,
      "A": null,
      "r2": null
    },
    "32": {
      "n_steps": [
        1
      ],
      "T_tot": [
        0.01
      ],
      "trace_fisher": [
        0.2000978458672762
      ],
      "eta_diag": [
        0.931378960609436
      ],
      "p": null,
      "delta_p": null,
      "A": null,
      "r2": null
    },
    "64": {
      "n_steps": [
        1
      ],
      "T_tot": [
        0.01
      ],
      "trace_fisher": [
        0.3995963977649808
      ],
      "eta_diag": [
        0.9462103843688965
      ],
      "p": null,
      "delta_p": null,
      "A": null,
      "r2": null
    },
    "128": {
      "n_steps": [
        1
      ],
      "T_tot": [
        0.01
      ],
      "trace_fisher": [
        0.7927927728742361
      ],
      "eta_diag": [
        0.9458343386650085
      ],
      "p": null,
      "delta_p": null,
      "A": null,
      "r2": null
    }
  }
}