{
  "family": "XYZ",
  "num_qubits": 2,
  "delta_t": 0.01,
  "measurements": 10,
  "shots": 1,
  "steps": [
    1
  ],
  "spreadings": [
    1,
    2,
    4,
    8,
    16,
    32,
    64,
    128
  ],
  "hamiltonian_params": {
    "base_family": "XYZ",
    "include_higher_order": 0,
    "J": [
      [
        0.7653369418336452,
        -0.1238222112466368,
        -0.05913449770401371
      ],
      [
        0.7226535770609408,
        -0.21815725939538333,
        -0.21790096250895255
      ]
    ],
    "h_x": [
      0.1125271324023609,
      0.038869960094847666
    ],
    "h_y": null,
    "h_z": null,
    "K": null,
    "L": null
  },
  "alphas": {
    "1.0": {
      "alpha": 1.0,
      "data": {
        "1": {
          "n_steps": [
            1
          ],
          "T_tot": [
            0.01
          ],
          "trace_fisher": [
            0.006721725687384605
          ],
          "eta_diag": [
            0.7044208645820618
          ],
          "p": null,
          "delta_p": null,
          "A": null,
          "r2": null
        },
        "2": {
          "n_steps": [
            1
          ],
          "T_tot": [
            0.01
          ],
          "trace_fisher": [
            0.012816611910238862
          ],
          "eta_diag": [
            0.8136112689971924
          ],
          "p": null,
          "delta_p": null,
          "A": null,
          "r2": null
        },
        "4": {
          "n_steps": [
            1
          ],
          "T_tot": [
            0.01
          ],
          "trace_fisher": [
            0.026649702806025743
          ],
          "eta_diag": [
            0.9005424976348877
          ],
          "p": null,
          "delta_p": null,
          "A": null,
          "r2": null
        },
        "8": {
          "n_steps": [
            1
          ],
          "T_tot": [
            0.01
          ],
          "trace_fisher": [
            0.05086480174213648
          ],
          "eta_diag": [
            0.9148619174957275
          ],
          "p": null,
          "delta_p": null,
          "A": null,
          "r2": null
        },
        "16": {
          "n_steps": [
            1
          ],
          "T_tot": [
            0.01
          ],
          "trace_fisher": [
            0.10100951883941889
          ],
          "eta_diag": [
            0.9131309390068054
          ],
          "p": null,
          "delta_p": null,
          "A": null,
          "r2": null
        },
        "32": {
          "n_steps": [
            1
          ],
          "T_tot": [
            0.01
          ],
          "trace_fisher": [
            0.2000978458672762
          ],
          "eta_diag": [
            0.931378960609436
          ],
          "p": null,
          "delta_p": null,
          "A": null,
          "r2": null
        },
        "64": {
          "n_steps": [
            1
          ],
          "T_tot": [
            0.01
          ],
          "trace_fisher": [
            0.3995963977649808
          ],
          "eta_diag": [
            0.9462103843688965
          ],
          "p": null,
          "delta_p": null,
          "A": null,
          "r2": null
        },
        "128": {
          "n_steps": [
            1
          ],
          "T_tot": [
            0.01
          ],
          "trace_fisher": [
            0.7927927728742361
          ],
          "eta_diag": [
            0.9458343386650085
          ],
          "p": null,
          "delta_p": null,
          "A": null,
          "r2": null
        }
      }
    }
  }
}