{
  "alpha": 1.0,
  "data": {
    "1": {
      "n_steps": [
        2,
        4,
        6,
        8,
        10
      ],
      "T_tot": [
        0.03,
        0.03,
        0.1,
        0.1,
        0.21000000000000002,
        0.21000000000000002,
        0.36000000000000004,
        0.36000000000000004,
        0.55,
        0.55
      ],
      "trace_fisher": [
        0.03599120560102165,
        0.03599120560102165,
        0.21537266159430146,
        0.21537266159430146,
        0.6514479261822999,
        0.6514479261822999,
        1.4559820485301316,
        1.4559820485301316,
        2.7389936936087906,
        2.7389936936087906
      ],
      "eta_diag": [
        0.9533921480178833,
        0.9558750987052917,
        0.9581795334815979,
        0.9603463411331177,
        0.9623944163322449
      ],
      "p": 1.4895216185828928,
      "delta_p": 0.0005281329455283262,
      "A": 6.6652971469436,
      "r2": 0.9999989942675828
    }
  }
}