{
  "family": "XYZ",
  "num_qubits": 4,
  "delta_t": 0.01,
  "measurements": 1,
  "shots": 1,
  "steps": [
    1
  ],
  "spreadings": [
    1,
    2,
    4,
    8,
    16,
    32,
    64,
    128
  ],
  "hamiltonian_params": {
    "base_family": "XYZ",
    "include_higher_order": 0,
    "J": [
      [
        0.7653369418336452,
        -0.12382221124663681,
        -0.05913449770401369
      ],
      [
        0.7226535770609408,
        -0.21815725939538333,
        -0.21790096250895258
      ],
      [
        0.9191289975800803,
        0.09270104256293282,
        -0.05179673636934243
      ],
      [
        0.9406321720205627,
        -0.2353951246818099,
        -0.04269848390288586
      ]
    ],
    "h_x": [
      -0.7973439988841897,
      -0.5987746038849937,
      0.7919403762836874,
      0.4249987162994764
    ],
    "h_y": null,
    "h_z": null,
    "K": null,
    "L": null
  },
  "alphas": {
    "1.0": {
      "alpha": 1.0,
      "data": {
        "1": {
          "n_steps": [
            1
          ],
          "T_tot": [
            0.01
          ],
          "trace_fisher": [
            0.0030032722279429436
          ],
          "eta_diag": [
            0.14765101671218872
          ],
          "p": null,
          "delta_p": null,
          "A": null,
          "r2": null
        },
        "2": {
          "n_steps": [
            1
          ],
          "T_tot": [
            0.01
          ],
          "trace_fisher": [
            0.006081127794459462
          ],
          "eta_diag": [
            0.2858264148235321
          ],
          "p": null,
          "delta_p": null,
          "A": null,
          "r2": null
        },
        "4": {
          "n_steps": [
            1
          ],
          "T_tot": [
            0.01
          ],
          "trace_fisher": [
            0.012113235425204039
          ],
          "eta_diag": [
            0.39284178614616394
          ],
          "p": null,
          "delta_p": null,
          "A": null,
          "r2": null
        },
        "8": {
          "n_steps": [
            1
          ],
          "T_tot": [
            0.01
          ],
          "trace_fisher": [
            0.024128456134349108
          ],
          "eta_diag": [
            0.5363754630088806
          ],
          "p": null,
          "delta_p": null,
          "A": null,
          "r2": null
        },
        "16": {
          "n_steps": [
            1
          ],
          "T_tot": [
            0.01
          ],
          "trace_fisher": [
            0.04835751838982105
          ],
          "eta_diag": [
            0.6893714070320129
          ],
          "p": null,
          "delta_p": null,
          "A": null,
          "r2": null
        },
        "32": {
          "n_steps": [
            1
          ],
          "T_tot": [
            0.01
          ],
          "trace_fisher": [
            0.09688514261506498
          ],
          "eta_diag": [
            0.7980717420578003
          ],
          "p": null,
          "delta_p": null,
          "A": null,
          "r2": null
        },
        "64": {
          "n_steps": [
            1
          ],
          "T_tot": [
            0.01
          ],
          "trace_fisher": [
            0.19351137639023364
          ],
          "eta_diag": [
            0.8720243573188782
          ],
          "p": null,
          "delta_p": null,
          "A": null,
          "r2": null
        },
        "128": {
          "n_steps": [
            1
          ],
          "T_tot": [
            0.01
          ],
          "trace_fisher": [
            0.3875619589816779
          ],
          "eta_diag": [
            0.9147238731384277
          ],
          "p": null,
          "delta_p": null,
          "A": null,
          "r2": null
        }
      }
    }
  }
}