{
  "alpha": 1.0,
  "data": {
    "1": {
      "n_steps": [
        1
      ],
      "T_tot": [
        0.01
      ],
      "trace_fisher": [
        0.030058639124035835
      ],
      "eta_diag": [
        0.25573739409446716
      ],
      "p": null,
      "delta_p": null,
      "A": null,
      "r2": null
    },
    "2": {
      "n_steps": [
        1
      ],
      "T_tot": [
        0.01
      ],
      "trace_fisher": [
        0.06035498343408108
      ],
      "eta_diag": [
        0.4226769804954529
      ],
      "p": null,
      "delta_p": null,
      "A": null,
      "r2": null
    },
    "4": {
      "n_steps": [
        1
      ],
      "T_tot": [
        0.01
      ],
      "trace_fisher": [
        0.12049410119652748
      ],
      "eta_diag": [
        0.5885358452796936
      ],
      "p": null,
      "delta_p": null,
      "A": null,
      "r2": null
    },
    "8": {
      "n_steps": [
        1
      ],
      "T_tot": [
        0.01
      ],
      "trace_fisher": [
        0.24067091941833496
      ],
      "eta_diag": [
        0.7098059058189392
      ],
      "p": null,
      "delta_p": null,
      "A": null,
      "r2": null
    },
    "16": {
      "n_steps": [
        1
      ],
      "T_tot": [
        0.01
      ],
      "trace_fisher": [
        0.4830014556646347
      ],
      "eta_diag": [
        0.8375864028930664
      ],
      "p": null,
      "delta_p": null,
      "A": null,
      "r2": null
    },
    "32": {
      "n_steps": [
        1
      ],
      "T_tot": [
        0.01
      ],
      "trace_fisher": [
        0.9661039113998413
      ],
      "eta_diag": [
        0.9029924869537354
      ],
      "p": null,
      "delta_p": null,
      "A": null,
      "r2": null
    },
    "64": {
      "n_steps": [
        1
      ],
      "T_tot": [
        0.01
      ],
      "trace_fisher": [
        1.9361439161002636
      ],
      "eta_diag": [
        0.9525925517082214
      ],
      "p": null,
      "delta_p": null,
      "A": null,
      "r2": null
    },
    "128": {
      "n_steps": [
        1
      ],
      "T_tot": [
        0.01
      ],
      "trace_fisher": [
        3.8742699585855007
      ],
      "eta_diag": [
        0.9727626442909241
      ],
      "p": null,
      "delta_p": null,
      "A": null,
      "r2": null
    }
  }
}