{
  "family": "XYZ",
  "num_qubits": 4,
  "delta_t": 0.01,
  "measurements": 10,
  "shots": 1,
  "steps": [
    1
  ],
  "spreadings": [
    1,
    2,
    4,
    8,
    16,
    32,
    64,
    128
  ],
  "hamiltonian_params": {
    "base_family": "XYZ",
    "include_higher_order": 0,
    "J": [
      [
        0.7653369418336452,
        -0.1238222112466368,
        -0.05913449770401371
      ],
      [
        0.7226535770609408,
        -0.21815725939538333,
        -0.21790096250895255
      ],
      [
        0.9191289975800803,
        0.09270104256293285,
        -0.05179673636934243
      ],
      [
        0.9406321720205627,
        -0.23539512468180993,
        -0.04269848390288586
      ]
    ],
    "h_x": [
      -0.7973439988841897,
      -0.5987746038849937,
      0.7919403762836874,
      0.4249987162994764
    ],
    "h_y": null,
    "h_z": null,
    "K": null,
    "L": null
  },
  "alphas": {
    "1.0": {
      "alpha": 1.0,
      "data": {
        "1": {
          "n_steps": [
            1
          ],
          "T_tot": [
            0.01
          ],
          "trace_fisher": [
            0.030058639124035835
          ],
          "eta_diag": [
            0.25573739409446716
          ],
          "p": null,
          "delta_p": null,
          "A": null,
          "r2": null
        },
        "2": {
          "n_steps": [
            1
          ],
          "T_tot": [
            0.01
          ],
          "trace_fisher": [
            0.06035498343408108
          ],
          "eta_diag": [
            0.4226769804954529
          ],
          "p": null,
          "delta_p": null,
          "A": null,
          "r2": null
        },
        "4": {
          "n_steps": [
            1
          ],
          "T_tot": [
            0.01
          ],
          "trace_fisher": [
            0.12049410119652748
          ],
          "eta_diag": [
            0.5885358452796936
          ],
          "p": null,
          "delta_p": null,
          "A": null,
          "r2": null
        },
        "8": {
          "n_steps": [
            1
          ],
          "T_tot": [
            0.01
          ],
          "trace_fisher": [
            0.24067091941833496
          ],
          "eta_diag": [
            0.7098059058189392
          ],
          "p": null,
          "delta_p": null,
          "A": null,
          "r2": null
        },
        "16": {
          "n_steps": [
            1
          ],
          "T_tot": [
            0.01
          ],
          "trace_fisher": [
            0.4830014556646347
          ],
          "eta_diag": [
            0.8375864028930664
          ],
          "p": null,
          "delta_p": null,
          "A": null,
          "r2": null
        },
        "32": {
          "n_steps": [
            1
          ],
          "T_tot": [
            0.01
          ],
          "trace_fisher": [
            0.9661039113998413
          ],
          "eta_diag": [
            0.9029924869537354
          ],
          "p": null,
          "delta_p": null,
          "A": null,
          "r2": null
        },
        "64": {
          "n_steps": [
            1
          ],
          "T_tot": [
            0.01
          ],
          "trace_fisher": [
            1.9361439161002636
          ],
          "eta_diag": [
            0.9525925517082214
          ],
          "p": null,
          "delta_p": null,
          "A": null,
          "r2": null
        },
        "128": {
          "n_steps": [
            1
          ],
          "T_tot": [
            0.01
          ],
          "trace_fisher": [
            3.8742699585855007
          ],
          "eta_diag": [
            0.9727626442909241
          ],
          "p": null,
          "delta_p": null,
          "A": null,
          "r2": null
        }
      }
    }
  }
}