{
  "alpha": 1.0,
  "data": {
    "1": {
      "n_steps": [
        1,
        2
      ],
      "T_tot": [
        0.01,
        0.01,
        0.03,
        0.03
      ],
      "trace_fisher": [
        0.07551616057753563,
        0.07551616057753563,
        0.37757016718387604,
        0.37757016718387604
      ],
      "eta_diag": [
        0.32761940360069275,
        0.32810017466545105
      ],
      "p": 1.464947880719602,
      "delta_p": 7.74063440156066e-16,
      "A": 64.25925152837367,
      "r2": 1.0
    },
    "2": {
      "n_steps": [
        1,
        2
      ],
      "T_tot": [
        0.01,
        0.01,
        0.03,
        0.03
      ],
      "trace_fisher": [
        0.15073424624279141,
        0.15073424624279141,
        0.7536273822188377,
        0.7536273822188377
      ],
      "eta_diag": [
        0.4130977392196655,
        0.4132775366306305
      ],
      "p": 1.4649205609725113,
      "delta_p": 2.347083553955434e-16,
      "A": 128.2487247921818,
      "r2": 1.0
    },
    "4": {
      "n_steps": [
        1,
        2
      ],
      "T_tot": [
        0.01,
        0.01,
        0.03,
        0.03
      ],
      "trace_fisher": [
        0.2991936635226011,
        0.2991936635226011,
        1.495605044066906,
        1.495605044066906
      ],
      "eta_diag": [
        0.5087473392486572,
        0.5090048313140869
      ],
      "p": 1.4647524558846086,
      "delta_p": 2.4676063137160007e-16,
      "A": 254.36497078251338,
      "r2": 1.0
    },
    "8": {
      "n_steps": [
        1,
        2
      ],
      "T_tot": [
        0.01,
        0.01,
        0.03,
        0.03
      ],
      "trace_fisher": [
        0.601197462528944,
        0.601197462528944,
        3.0056151561439037,
        3.0056151561439037
      ],
      "eta_diag": [
        0.7335227727890015,
        0.7336709499359131
      ],
      "p": 1.4648608215008125,
      "delta_p": 2.3186263154901053e-16,
      "A": 511.3741632677913,
      "r2": 1.0
    },
    "16": {
      "n_steps": [
        1,
        2
      ],
      "T_tot": [
        0.01,
        0.01,
        0.03,
        0.03
      ],
      "trace_fisher": [
        1.2054981403052807,
        1.2054981403052807,
        6.026879910379648,
        6.026879910379648
      ],
      "eta_diag": [
        0.8409255743026733,
        0.8412960767745972
      ],
      "p": 1.4648812776503426,
      "delta_p": 1.641512212881196e-17,
      "A": 1025.4844989647083,
      "r2": 1.0
    },
    "32": {
      "n_steps": [
        1,
        2
      ],
      "T_tot": [
        0.01,
        0.01,
        0.03,
        0.03
      ],
      "trace_fisher": [
        2.4147439561784267,
        2.4147439561784267,
        12.073304954916239,
        12.073304954916239
      ],
      "eta_diag": [
        0.9111517667770386,
        0.9112721085548401
      ],
      "p": 1.4649422463990707,
      "delta_p": 9.524968591754971e-17,
      "A": 2054.7338733172655,
      "r2": 1.0
    }
  }
}