{
  "alpha": 1.0,
  "data": {
    "1": {
      "n_steps": [
        2,
        4,
        6,
        8,
        10
      ],
      "T_tot": [
        0.03,
        0.1,
        0.21,
        0.36,
        0.55
      ],
      "trace_fisher": [
        0.1561713539995253,
        0.9365052753128111,
        2.837909104768187,
        6.352943661157042,
        11.967965903226286
      ],
      "eta_diag": [
        0.4396265745162964,
        0.4462979733943939,
        0.45161840319633484,
        0.4561583995819092,
        0.46054622530937195
      ],
      "p": 1.4919004681424346,
      "delta_p": 0.0010389892970658536,
      "A": 29.15380599031716,
      "r2": 0.9999985449997433
    }
  }
}