{
  "family": "XYZ",
  "num_qubits": 5,
  "delta_t": 0.01,
  "measurements": 5,
  "shots": 1,
  "steps": [
    2,
    4,
    6,
    8,
    10
  ],
  "spreadings": [
    1
  ],
  "hamiltonian_params": {
    "base_family": "XYZ",
    "include_higher_order": 0,
    "J": [
      [
        0.7653369418336452,
        -0.1238222112466368,
        -0.05913449770401371
      ],
      [
        0.7226535770609408,
        -0.21815725939538333,
        -0.21790096250895255
      ],
      [
        0.9191289975800803,
        0.09270104256293285,
        -0.05179673636934243
      ],
      [
        0.9406321720205627,
        -0.23539512468180993,
        -0.04269848390288586
      ],
      [
        0.8174406573083973,
        -0.19163520056281258,
        -0.10735309860032355
      ]
    ],
    "h_x": [
      -0.617668390119769,
      -0.8653043795877067,
      0.02512849558454855,
      -0.9170683104379806,
      0.38466758079247154
    ],
    "h_y": null,
    "h_z": null,
    "K": null,
    "L": null
  },
  "alphas": {
    "1.0": {
      "alpha": 1.0,
      "data": {
        "1": {
          "n_steps": [
            2,
            4,
            6,
            8,
            10
          ],
          "T_tot": [
            0.03,
            0.1,
            0.21,
            0.36,
            0.55
          ],
          "trace_fisher": [
            0.1561713539995253,
            0.9365052753128111,
            2.837909104768187,
            6.352943661157042,
            11.967965903226286
          ],
          "eta_diag": [
            0.4396265745162964,
            0.4462979733943939,
            0.45161840319633484,
            0.4561583995819092,
            0.46054622530937195
          ],
          "p": 1.4919004681424346,
          "delta_p": 0.0010389892970658536,
          "A": 29.15380599031716,
          "r2": 0.9999985449997433
        }
      }
    }
  }
}