{
  "family": "XYZ",
  "num_qubits": 4,
  "delta_t": 0.01,
  "measurements": 25,
  "shots": 1,
  "steps": [
    2,
    4,
    6,
    8,
    10
  ],
  "spreadings": [
    1
  ],
  "hamiltonian_params": {
    "base_family": "XYZ",
    "include_higher_order": 0,
    "J": [
      [
        0.7653369418336452,
        -0.12382221124663681,
        -0.05913449770401369
      ],
      [
        0.7226535770609408,
        -0.21815725939538333,
        -0.21790096250895258
      ],
      [
        0.9191289975800803,
        0.09270104256293282,
        -0.05179673636934243
      ],
      [
        0.9406321720205627,
        -0.2353951246818099,
        -0.04269848390288586
      ]
    ],
    "h_x": [
      -0.7973439988841897,
      -0.5987746038849937,
      0.7919403762836874,
      0.4249987162994764
    ],
    "h_y": null,
    "h_z": null,
    "K": null,
    "L": null
  },
  "alphas": {
    "1.0": {
      "alpha": 1.0,
      "data": {
        "1": {
          "n_steps": [
            2,
            4,
            6,
            8,
            10
          ],
          "T_tot": [
            0.03,
            0.1,
            0.21000000000000002,
            0.36000000000000004,
            0.55
          ],
          "trace_fisher": [
            0.3775701504200697,
            2.264885239303112,
            6.866682596504688,
            15.381264097988605,
            28.99695683270693
          ],
          "p": 1.4926069108505267,
          "delta_p": 0.0011758614011324296,
          "A": 70.64034608508896,
          "r2": 0.9999981381623051
        }
      }
    }
  }
}