{
  "alpha": 1.0,
  "data": {
    "1": {
      "n_steps": [
        2,
        4,
        6,
        8,
        10
      ],
      "T_tot": [
        0.03,
        0.1,
        0.21000000000000002,
        0.36000000000000004,
        0.55
      ],
      "trace_fisher": [
        0.3775701504200697,
        2.264885239303112,
        6.866682596504688,
        15.381264097988605,
        28.99695683270693
      ],
      "p": 1.4926069108505267,
      "delta_p": 0.0011758614011324296,
      "A": 70.64034608508896,
      "r2": 0.9999981381623051
    }
  }
}