{
  "family": "XYZ",
  "num_qubits": 4,
  "delta_t": 0.01,
  "measurements": 5,
  "shots": 1,
  "steps": [
    2,
    4,
    6,
    8,
    10
  ],
  "spreadings": [
    1
  ],
  "hamiltonian_params": {
    "base_family": "XYZ",
    "include_higher_order": 0,
    "J": [
      [
        0.7653369418336452,
        -0.1238222112466368,
        -0.05913449770401371
      ],
      [
        0.7226535770609408,
        -0.21815725939538333,
        -0.21790096250895255
      ],
      [
        0.9191289975800803,
        0.09270104256293285,
        -0.05179673636934243
      ],
      [
        0.9406321720205627,
        -0.23539512468180993,
        -0.04269848390288586
      ]
    ],
    "h_x": [
      -0.7973439988841897,
      -0.5987746038849937,
      0.7919403762836874,
      0.4249987162994764
    ],
    "h_y": null,
    "h_z": null,
    "K": null,
    "L": null
  },
  "alphas": {
    "1.0": {
      "alpha": 1.0,
      "data": {
        "1": {
          "n_steps": [
            2,
            4,
            6,
            8,
            10
          ],
          "T_tot": [
            0.03,
            0.1,
            0.21,
            0.36,
            0.55
          ],
          "trace_fisher": [
            0.07660965691320598,
            0.45965563762001693,
            1.3937540526967496,
            3.122182997642085,
            5.886241453466937
          ],
          "eta_diag": [
            0.46045106649398804,
            0.46161869168281555,
            0.46215468645095825,
            0.46209511160850525,
            0.4616107940673828
          ],
          "p": 1.4927664865556867,
          "delta_p": 0.0011657102717239666,
          "A": 14.341351981573341,
          "r2": 0.9999981705609118
        }
      }
    }
  }
}