{
  "alpha": 1.0,
  "data": {
    "1": {
      "n_steps": [
        2,
        4,
        6,
        8,
        10
      ],
      "T_tot": [
        0.03,
        0.1,
        0.21,
        0.36,
        0.55
      ],
      "trace_fisher": [
        0.07660965691320598,
        0.45965563762001693,
        1.3937540526967496,
        3.122182997642085,
        5.886241453466937
      ],
      "eta_diag": [
        0.46045106649398804,
        0.46161869168281555,
        0.46215468645095825,
        0.46209511160850525,
        0.4616107940673828
      ],
      "p": 1.4927664865556867,
      "delta_p": 0.0011657102717239666,
      "A": 14.341351981573341,
      "r2": 0.9999981705609118
    }
  }
}