{
  "alpha": 0.2,
  "data": {
    "1": {
      "n_steps": [
        2,
        4,
        6,
        8,
        10
      ],
      "T_tot": [
        0.02148698354997035,
        0.04713937205385447,
        0.07524635947951917,
        0.10516125676056869,
        0.13652864442433343
      ],
      "trace_fisher": [
        0.3609113283455372,
        0.8732636459171772,
        1.4880287125706673,
        2.184293046593666,
        2.9497369825839996
      ],
      "p": 1.1360233305546719,
      "delta_p": 0.003276767392376027,
      "A": 28.209088769801546,
      "r2": 0.9999750410023387
    }
  }
}