{
  "alpha": 1.0,
  "data": {
    "1": {
      "n_steps": [
        2,
        4,
        6,
        8,
        10
      ],
      "T_tot": [
        0.03,
        0.1,
        0.21000000000000002,
        0.36000000000000004,
        0.55
      ],
      "trace_fisher": [
        0.7777503915131092,
        4.658830039203167,
        14.089236162602901,
        31.460690043866634,
        59.104634784162045
      ],
      "p": 1.489129694327315,
      "delta_p": 0.0005431980819741635,
      "A": 143.94269286614787,
      "r2": 0.999999600816585
    }
  }
}