{
  "alpha": 0.8,
  "data": {
    "1": {
      "n_steps": [
        2,
        4,
        6,
        8,
        10
      ],
      "T_tot": [
        0.027411011265922484,
        0.08180758944893737,
        0.15997619975911692,
        0.26018928012806636,
        0.3812804759240386
      ],
      "trace_fisher": [
        0.6271751560270786,
        2.956848569214344,
        7.7226235792040825,
        15.51849477738142,
        26.858325771987438
      ],
      "p": 1.4273209004117111,
      "delta_p": 0.002407049075118312,
      "A": 105.95573801753301,
      "r2": 0.9999914681308064
    }
  }
}