{
  "family": "XYZ3",
  "num_qubits": 5,
  "delta_t": 0.01,
  "measurements": 25,
  "shots": 1,
  "steps": [
    2,
    4,
    6,
    8,
    10
  ],
  "spreadings": [
    1
  ],
  "hamiltonian_params": {
    "base_family": "XYZ",
    "include_higher_order": 3,
    "J": [
      [
        0.7653369418336452,
        -0.12382221124663681,
        -0.05913449770401369
      ],
      [
        0.7226535770609408,
        -0.21815725939538333,
        -0.21790096250895258
      ],
      [
        0.9191289975800803,
        0.09270104256293282,
        -0.05179673636934243
      ],
      [
        0.9406321720205627,
        -0.2353951246818099,
        -0.04269848390288586
      ],
      [
        0.8174406573083973,
        -0.19163520056281258,
        -0.10735309860032355
      ]
    ],
    "h_x": [
      -0.617668390119769,
      -0.8653043795877067,
      0.02512849558454855,
      -0.9170683104379806,
      0.38466758079247154
    ],
    "h_y": [
      -0.6801616511038464,
      0.8837598951405208,
      0.05055220942816585,
      -0.536700747242215,
      -0.6350583315592846
    ],
    "h_z": [
      -0.07492294211058881,
      -0.45496332619688595,
      0.6072924040140457,
      0.9765413635378348,
      0.8812589430584983
    ],
    "K": [
      [
        -0.53187900302215,
        0.7620235066977614,
        -0.41246883238720056
      ],
      [
        -0.8167234850400468,
        0.9419965988701983,
        -0.6041174981378303
      ],
      [
        -0.4809716682943731,
        0.7982164562174796,
        -0.44932459018080656
      ]
    ],
    "L": [
      [
        -0.8635882271862318,
        0.6037356140559405,
        -0.06108879132440381
      ],
      [
        0.26188876049644727,
        0.062012413721467485,
        -0.7534303314291624
      ],
      [
        -0.3772299138618369,
        -0.8483913935281813,
        0.169475729274708
      ]
    ]
  },
  "alphas": {
    "0.2": {
      "alpha": 0.2,
      "data": {
        "1": {
          "n_steps": [
            2,
            4,
            6,
            8,
            10
          ],
          "T_tot": [
            0.02148698354997035,
            0.04713937205385447,
            0.07524635947951917,
            0.10516125676056869,
            0.13652864442433343
          ],
          "trace_fisher": [
            0.3609113283455372,
            0.8732636459171772,
            1.4880287125706673,
            2.184293046593666,
            2.9497369825839996
          ],
          "p": 1.1360233305546719,
          "delta_p": 0.003276767392376027,
          "A": 28.209088769801546,
          "r2": 0.9999750410023387
        }
      }
    },
    "0.4": {
      "alpha": 0.4,
      "data": {
        "1": {
          "n_steps": [
            2,
            4,
            6,
            8,
            10
          ],
          "T_tot": [
            0.023195079107728944,
            0.05612454611280503,
            0.095637810610756,
            0.1403908419555245,
            0.18959195312342725
          ],
          "trace_fisher": [
            0.4264976717531681,
            1.2727334648370743,
            2.488559879362583,
            4.046969525516033,
            5.9296963438391685
          ],
          "p": 1.2527727783654359,
          "delta_p": 0.004352660371760858,
          "A": 47.326833639148184,
          "r2": 0.9999637865022447
        }
      }
    },
    "0.6": {
      "alpha": 0.6,
      "data": {
        "1": {
          "n_steps": [
            2,
            4,
            6,
            8,
            10
          ],
          "T_tot": [
            0.02515716566510398,
            0.0674629532143623,
            0.12302979177423518,
            0.18999277280324053,
            0.2671754180470558
          ],
          "trace_fisher": [
            0.5130250416696072,
            1.915071152150631,
            4.321767203509808,
            7.80954223126173,
            12.436753921210766
          ],
          "p": 1.3493550738861773,
          "delta_p": 0.003854073176844919,
          "A": 73.3835431635897,
          "r2": 0.9999755263894077
        }
      }
    },
    "0.8": {
      "alpha": 0.8,
      "data": {
        "1": {
          "n_steps": [
            2,
            4,
            6,
            8,
            10
          ],
          "T_tot": [
            0.027411011265922484,
            0.08180758944893737,
            0.15997619975911692,
            0.26018928012806636,
            0.3812804759240386
          ],
          "trace_fisher": [
            0.6271751560270786,
            2.956848569214344,
            7.7226235792040825,
            15.51849477738142,
            26.858325771987438
          ],
          "p": 1.4273209004117111,
          "delta_p": 0.002407049075118312,
          "A": 105.95573801753301,
          "r2": 0.9999914681308064
        }
      }
    },
    "1.0": {
      "alpha": 1.0,
      "data": {
        "1": {
          "n_steps": [
            2,
            4,
            6,
            8,
            10
          ],
          "T_tot": [
            0.03,
            0.1,
            0.21000000000000002,
            0.36000000000000004,
            0.55
          ],
          "trace_fisher": [
            0.7777503915131092,
            4.658830039203167,
            14.089236162602901,
            31.460690043866634,
            59.104634784162045
          ],
          "p": 1.489129694327315,
          "delta_p": 0.0005431980819741635,
          "A": 143.94269286614787,
          "r2": 0.999999600816585
        }
      }
    }
  }
}