{
  "alpha": 0.6,
  "data": {
    "1": {
      "n_steps": [
        2,
        4,
        6,
        8,
        10
      ],
      "T_tot": [
        0.02515716566510398,
        0.0674629532143623,
        0.12302979177423518,
        0.18999277280324053,
        0.2671754180470558
      ],
      "trace_fisher": [
        0.5130250416696072,
        1.915071152150631,
        4.321767203509808,
        7.80954223126173,
        12.436753921210766
      ],
      "p": 1.3493550738861773,
      "delta_p": 0.003854073176844919,
      "A": 73.3835431635897,
      "r2": 0.9999755263894077
    }
  }
}