{
  "alpha": 0.4,
  "data": {
    "1": {
      "n_steps": [
        2,
        4,
        6,
        8,
        10
      ],
      "T_tot": [
        0.023195079107728944,
        0.05612454611280503,
        0.095637810610756,
        0.1403908419555245,
        0.18959195312342725
      ],
      "trace_fisher": [
        0.4264976717531681,
        1.2727334648370743,
        2.488559879362583,
        4.046969525516033,
        5.9296963438391685
      ],
      "p": 1.2527727783654359,
      "delta_p": 0.004352660371760858,
      "A": 47.326833639148184,
      "r2": 0.9999637865022447
    }
  }
}