{
  "family": "XYZ",
  "num_qubits": 3,
  "delta_t": 0.01,
  "measurements": 10,
  "shots": 1,
  "steps": [
    1
  ],
  "spreadings": [
    1,
    2,
    4,
    8,
    16,
    32,
    64,
    128
  ],
  "hamiltonian_params": {
    "base_family": "XYZ",
    "include_higher_order": 0,
    "J": [
      [
        0.7653369418336452,
        -0.1238222112466368,
        -0.05913449770401371
      ],
      [
        0.7226535770609408,
        -0.21815725939538333,
        -0.21790096250895255
      ],
      [
        0.9191289975800803,
        0.09270104256293285,
        -0.05179673636934243
      ]
    ],
    "h_x": [
      0.6519505243907526,
      -0.3569747152461278,
      -0.7973439988841897
    ],
    "h_y": null,
    "h_z": null,
    "K": null,
    "L": null
  },
  "alphas": {
    "1.0": {
      "alpha": 1.0,
      "data": {
        "1": {
          "n_steps": [
            1
          ],
          "T_tot": [
            0.01
          ],
          "trace_fisher": [
            0.015517226420342922
          ],
          "eta_diag": [
            0.6681690216064453
          ],
          "p": null,
          "delta_p": null,
          "A": null,
          "r2": null
        },
        "2": {
          "n_steps": [
            1
          ],
          "T_tot": [
            0.01
          ],
          "trace_fisher": [
            0.030250778421759605
          ],
          "eta_diag": [
            0.6842687726020813
          ],
          "p": null,
          "delta_p": null,
          "A": null,
          "r2": null
        },
        "4": {
          "n_steps": [
            1
          ],
          "T_tot": [
            0.01
          ],
          "trace_fisher": [
            0.05909074284136295
          ],
          "eta_diag": [
            0.681093156337738
          ],
          "p": null,
          "delta_p": null,
          "A": null,
          "r2": null
        },
        "8": {
          "n_steps": [
            1
          ],
          "T_tot": [
            0.01
          ],
          "trace_fisher": [
            0.11655192077159882
          ],
          "eta_diag": [
            0.8429598808288574
          ],
          "p": null,
          "delta_p": null,
          "A": null,
          "r2": null
        },
        "16": {
          "n_steps": [
            1
          ],
          "T_tot": [
            0.01
          ],
          "trace_fisher": [
            0.23182689025998116
          ],
          "eta_diag": [
            0.8988227844238281
          ],
          "p": null,
          "delta_p": null,
          "A": null,
          "r2": null
        },
        "32": {
          "n_steps": [
            1
          ],
          "T_tot": [
            0.01
          ],
          "trace_fisher": [
            0.4642057418823242
          ],
          "eta_diag": [
            0.9389212131500244
          ],
          "p": null,
          "delta_p": null,
          "A": null,
          "r2": null
        },
        "64": {
          "n_steps": [
            1
          ],
          "T_tot": [
            0.01
          ],
          "trace_fisher": [
            0.9304503351449966
          ],
          "eta_diag": [
            0.951220691204071
          ],
          "p": null,
          "delta_p": null,
          "A": null,
          "r2": null
        },
        "128": {
          "n_steps": [
            1
          ],
          "T_tot": [
            0.01
          ],
          "trace_fisher": [
            1.8581284806132317
          ],
          "eta_diag": [
            0.9717345237731934
          ],
          "p": null,
          "delta_p": null,
          "A": null,
          "r2": null
        }
      }
    }
  }
}