{
  "family": "XYZ",
  "num_qubits": 3,
  "delta_t": 0.01,
  "measurements": 25,
  "shots": 1,
  "steps": [
    1,
    2
  ],
  "spreadings": [
    1,
    2,
    4,
    8,
    16,
    32
  ],
  "hamiltonian_params": {
    "base_family": "XYZ",
    "include_higher_order": 0,
    "J": [
      [
        0.7653369418336452,
        -0.12382221124663681,
        -0.05913449770401369
      ],
      [
        0.7226535770609408,
        -0.21815725939538333,
        -0.21790096250895258
      ],
      [
        0.9191289975800803,
        0.09270104256293282,
        -0.05179673636934243
      ]
    ],
    "h_x": [
      0.6519505243907526,
      -0.3569747152461278,
      -0.7973439988841897
    ],
    "h_y": null,
    "h_z": null,
    "K": null,
    "L": null
  },
  "alphas": {
    "1.0": {
      "alpha": 1.0,
      "data": {
        "1": {
          "n_steps": [
            1,
            2
          ],
          "T_tot": [
            0.01,
            0.01,
            0.03,
            0.03
          ],
          "trace_fisher": [
            0.0352049907669425,
            0.0352049907669425,
            0.17599939554929733,
            0.17599939554929733
          ],
          "eta_diag": [
            0.3610461950302124,
            0.3611915409564972
          ],
          "p": 1.4648413471678203,
          "delta_p": 3.86117060665574e-16,
          "A": 29.942422151510304,
          "r2": 1.0
        },
        "2": {
          "n_steps": [
            1,
            2
          ],
          "T_tot": [
            0.01,
            0.01,
            0.03,
            0.03
          ],
          "trace_fisher": [
            0.07179969293065369,
            0.07179969293065369,
            0.3589798156172037,
            0.3589798156172037
          ],
          "eta_diag": [
            0.6030986309051514,
            0.6025537848472595
          ],
          "p": 1.464926234930502,
          "delta_p": 3.855434590150552e-16,
          "A": 61.09069370795816,
          "r2": 1.0
        },
        "4": {
          "n_steps": [
            1,
            2
          ],
          "T_tot": [
            0.01,
            0.01,
            0.03,
            0.03
          ],
          "trace_fisher": [
            0.1429734928533435,
            0.1429734928533435,
            0.7149075251072645,
            0.7149075251072645
          ],
          "eta_diag": [
            0.6672585606575012,
            0.666091799736023
          ],
          "p": 1.4650245286720436,
          "delta_p": 4.670744160543314e-16,
          "A": 121.70392496398237,
          "r2": 1.0
        },
        "8": {
          "n_steps": [
            1,
            2
          ],
          "T_tot": [
            0.01,
            0.01,
            0.03,
            0.03
          ],
          "trace_fisher": [
            0.2859972668811679,
            0.2859972668811679,
            1.429831899702549,
            1.429831899702549
          ],
          "eta_diag": [
            0.826516330242157,
            0.8258028626441956
          ],
          "p": 1.4648752120049144,
          "delta_p": 1.3781669114015907e-16,
          "A": 243.28330487941184,
          "r2": 1.0
        },
        "16": {
          "n_steps": [
            1,
            2
          ],
          "T_tot": [
            0.01,
            0.01,
            0.03,
            0.03
          ],
          "trace_fisher": [
            0.5694536920636892,
            0.5694536920636892,
            2.846695091575384,
            2.846695091575384
          ],
          "eta_diag": [
            0.894525408744812,
            0.8941680192947388
          ],
          "p": 1.4647902028170445,
          "delta_p": 3.14979021445092e-16,
          "A": 484.2156464565311,
          "r2": 1.0
        },
        "32": {
          "n_steps": [
            1,
            2
          ],
          "T_tot": [
            0.01,
            0.01,
            0.03,
            0.03
          ],
          "trace_fisher": [
            1.1433999929577112,
            1.1433999929577112,
            5.716722944751382,
            5.716722944751382
          ],
          "eta_diag": [
            0.9409802556037903,
            0.9409643411636353
          ],
          "p": 1.4649294135611528,
          "delta_p": 2.204301237396761e-16,
          "A": 972.8749302623212,
          "r2": 1.0
        }
      }
    }
  }
}