{
  "alpha": 1.0,
  "data": {
    "1": {
      "n_steps": [
        1
      ],
      "T_tot": [
        0.01
      ],
      "trace_fisher": [
        0.0014091396005824208
      ],
      "eta_diag": [
        0.26695817708969116
      ],
      "p": null,
      "delta_p": null,
      "A": null,
      "r2": null
    },
    "2": {
      "n_steps": [
        1
      ],
      "T_tot": [
        0.01
      ],
      "trace_fisher": [
        0.0028091836720705032
      ],
      "eta_diag": [
        0.36614152789115906
      ],
      "p": null,
      "delta_p": null,
      "A": null,
      "r2": null
    },
    "4": {
      "n_steps": [
        1
      ],
      "T_tot": [
        0.01
      ],
      "trace_fisher": [
        0.005617776769213378
      ],
      "eta_diag": [
        0.5349810123443604
      ],
      "p": null,
      "delta_p": null,
      "A": null,
      "r2": null
    },
    "8": {
      "n_steps": [
        1
      ],
      "T_tot": [
        0.01
      ],
      "trace_fisher": [
        0.011378222377970815
      ],
      "eta_diag": [
        0.6813561916351318
      ],
      "p": null,
      "delta_p": null,
      "A": null,
      "r2": null
    },
    "16": {
      "n_steps": [
        1
      ],
      "T_tot": [
        0.01
      ],
      "trace_fisher": [
        0.022866807295940816
      ],
      "eta_diag": [
        0.7699892520904541
      ],
      "p": null,
      "delta_p": null,
      "A": null,
      "r2": null
    },
    "32": {
      "n_steps": [
        1
      ],
      "T_tot": [
        0.01
      ],
      "trace_fisher": [
        0.04601491126231849
      ],
      "eta_diag": [
        0.8451334834098816
      ],
      "p": null,
      "delta_p": null,
      "A": null,
      "r2": null
    },
    "64": {
      "n_steps": [
        1
      ],
      "T_tot": [
        0.01
      ],
      "trace_fisher": [
        0.09204315033275634
      ],
      "eta_diag": [
        0.902527391910553
      ],
      "p": null,
      "delta_p": null,
      "A": null,
      "r2": null
    },
    "128": {
      "n_steps": [
        1
      ],
      "T_tot": [
        0.01
      ],
      "trace_fisher": [
        0.1840017772046849
      ],
      "eta_diag": [
        0.9151732325553894
      ],
      "p": null,
      "delta_p": null,
      "A": null,
      "r2": null
    }
  }
}