{
  "family": "XYZ",
  "num_qubits": 6,
  "delta_t": 0.01,
  "measurements": 5,
  "shots": 1,
  "steps": [
    2,
    4,
    6,
    8,
    10
  ],
  "spreadings": [
    1
  ],
  "hamiltonian_params": {
    "base_family": "XYZ",
    "include_higher_order": 0,
    "J": [
      [
        0.7653369418336452,
        -0.1238222112466368,
        -0.05913449770401371
      ],
      [
        0.7226535770609408,
        -0.21815725939538333,
        -0.21790096250895255
      ],
      [
        0.9191289975800803,
        0.09270104256293285,
        -0.05179673636934243
      ],
      [
        0.9406321720205627,
        -0.23539512468180993,
        -0.04269848390288586
      ],
      [
        0.8174406573083973,
        -0.19163520056281258,
        -0.10735309860032355
      ],
      [
        0.8814388868546198,
        -0.24177359317786798,
        -0.13664054322527175
      ]
    ],
    "h_x": [
      0.38466758079247154,
      -0.6801616511038464,
      0.8837598951405208,
      0.05055220942816585,
      -0.536700747242215,
      -0.6350583315592846
    ],
    "h_y": null,
    "h_z": null,
    "K": null,
    "L": null
  },
  "alphas": {
    "1.0": {
      "alpha": 1.0,
      "data": {
        "1": {
          "n_steps": [
            2,
            4,
            6,
            8,
            10
          ],
          "T_tot": [
            0.03,
            0.1,
            0.21,
            0.36,
            0.55
          ],
          "trace_fisher": [
            0.3158641867339611,
            1.8931880854070187,
            5.7336731515824795,
            12.827149268239737,
            24.147305246442556
          ],
          "eta_diag": [
            0.28310874104499817,
            0.27705639600753784,
            0.27115291357040405,
            0.26551634073257446,
            0.26021215319633484
          ],
          "p": 1.4910971635558765,
          "delta_p": 0.0009219120018279981,
          "A": 58.81283766999623,
          "r2": 0.9999988531996781
        }
      }
    }
  }
}