{
  "alpha": 1.0,
  "data": {
    "1": {
      "n_steps": [
        2,
        4,
        6,
        8,
        10
      ],
      "T_tot": [
        0.03,
        0.1,
        0.21000000000000002,
        0.36000000000000004,
        0.55
      ],
      "trace_fisher": [
        1.5640066042542458,
        9.381493002176285,
        28.441152840852737,
        63.70398285984993,
        120.08876088261604
      ],
      "p": 1.4925358649344835,
      "delta_p": 0.0011638464060654888,
      "A": 292.54698556415866,
      "r2": 0.999998175842847
    }
  }
}