{
  "alpha": 1.0,
  "data": {
    "1": {
      "n_steps": [
        2,
        4,
        6,
        8,
        10
      ],
      "T_tot": [
        0.03,
        0.1,
        0.21,
        0.36,
        0.55
      ],
      "trace_fisher": [
        0.3158641867339611,
        1.8931880854070187,
        5.7336731515824795,
        12.827149268239737,
        24.147305246442556
      ],
      "eta_diag": [
        0.28310874104499817,
        0.27705639600753784,
        0.27115291357040405,
        0.26551634073257446,
        0.26021215319633484
      ],
      "p": 1.4910971635558765,
      "delta_p": 0.0009219120018279981,
      "A": 58.81283766999623,
      "r2": 0.9999988531996781
    }
  }
}