{
  "family": "XYZ",
  "num_qubits": 6,
  "delta_t": 0.01,
  "measurements": 25,
  "shots": 1,
  "steps": [
    2,
    4,
    6,
    8,
    10
  ],
  "spreadings": [
    1
  ],
  "hamiltonian_params": {
    "base_family": "XYZ",
    "include_higher_order": 0,
    "J": [
      [
        0.7653369418336452,
        -0.12382221124663681,
        -0.05913449770401369
      ],
      [
        0.7226535770609408,
        -0.21815725939538333,
        -0.21790096250895258
      ],
      [
        0.9191289975800803,
        0.09270104256293282,
        -0.05179673636934243
      ],
      [
        0.9406321720205627,
        -0.2353951246818099,
        -0.04269848390288586
      ],
      [
        0.8174406573083973,
        -0.19163520056281258,
        -0.10735309860032355
      ],
      [
        0.8814388868546198,
        -0.24177359317786795,
        -0.13664054322527175
      ]
    ],
    "h_x": [
      0.38466758079247154,
      -0.6801616511038464,
      0.8837598951405208,
      0.05055220942816585,
      -0.536700747242215,
      -0.6350583315592846
    ],
    "h_y": null,
    "h_z": null,
    "K": null,
    "L": null
  },
  "alphas": {
    "1.0": {
      "alpha": 1.0,
      "data": {
        "1": {
          "n_steps": [
            2,
            4,
            6,
            8,
            10
          ],
          "T_tot": [
            0.03,
            0.1,
            0.21000000000000002,
            0.36000000000000004,
            0.55
          ],
          "trace_fisher": [
            1.5640066042542458,
            9.381493002176285,
            28.441152840852737,
            63.70398285984993,
            120.08876088261604
          ],
          "p": 1.4925358649344835,
          "delta_p": 0.0011638464060654888,
          "A": 292.54698556415866,
          "r2": 0.999998175842847
        }
      }
    }
  }
}